-0.23881,0.091988,-0.26444,0.28968,-0.28466,0.12798,-0.081665,-0.28201,-0.20932,-0.043873,-0.10943,0.46308,0.43766,-0.20306,-0.22265,0.20626
-0.0068641,-0.31979,-0.13467,-0.4403,-0.5702,0.23779,-0.059346,-0.16893,0.076707,0.27041,-0.057764,-0.099171,0.027695,0.078541,0.41272,0.050096
-0.25198,0.14963,0.18758,-0.075367,-0.11419,0.073696,-0.24851,0.29592,0.07065,-0.044711,-0.26916,-0.3068,0.41879,-0.03533,-0.49879,0.32629
0.24272,0.12784,-0.0026733,-0.23484,-0.18448,0.1366,0.3221,0.22285,-0.19194,0.40255,0.39127,-0.17257,-0.20146,0.3575,-0.26696,-0.20508
-0.31518,0.089222,-0.23506,0.047064,-0.45796,0.32448,-8.4622e-05,-0.052014,-0.46707,-0.093651,-0.31976,-0.097577,0.17514,-0.033625,-0.38151,0.03829
0.08638,-0.37729,-0.2375,0.43077,-0.072895,-0.060221,0.19152,-0.030015,-0.14761,-0.30161,0.091642,0.19825,0.5212,0.085929,0.34159,-0.074325
0.013514,-0.36935,-0.14071,0.034152,-0.29484,0.032559,0.09977,0.17214,0.29373,-0.31047,-0.54374,-0.25061,-0.38596,-0.13976,0.049599,-0.052663
-0.15846,-0.36061,-0.43717,0.026237,-0.14548,0.25721,0.15175,-0.10905,0.30139,0.064001,-0.044784,-0.46351,-0.26221,0.082792,0.20114,-0.32088
-0.33881,0.1489,0.17974,-0.12999,0.036932,0.10879,-0.25354,0.50995,-0.45112,-0.27431,-0.30878,-0.094525,-0.11908,0.028487,0.22007,-0.17277
-0.28065,0.085285,0.064657,-0.32991,0.062925,0.17135,-0.49664,0.37655,-0.22836,-0.23082,0.025313,0.11218,0.49146,0.067812,0.064747,-0.101
-0.31992,0.21665,0.04052,0.075265,-0.25136,0.15621,-0.14797,0.034306,-0.47416,-0.29876,0.076248,-0.30522,0.15626,-0.25071,0.065024,-0.4777
0.10283,0.39336,-0.19244,-0.1056,-0.46108,-0.30249,-0.32517,-0.17263,-0.15573,0.030491,-0.15361,-0.018912,0.24451,0.35851,-0.31699,-0.094526
-0.33937,-0.091239,-0.0029446,-0.37062,-0.014794,0.21077,-0.24379,0.28924,0.37483,-0.10176,0.13679,0.021966,4.6138e-05,0.24581,-0.42123,0.37881
0.032419,-0.17275,0.094901,-0.27995,-0.27955,-0.039643,0.041777,-0.31114,0.086916,-0.14957,0.201,-0.12446,-0.40754,-0.522,-0.41774,-0.067524
-0.31084,0.23254,0.090069,-0.26946,-0.17129,0.11732,-0.21516,0.21878,-0.1141,0.035361,-0.2131,0.55872,0.25131,-0.076154,-0.43477,-0.038627
0.15859,-0.41495,0.19896,-0.56706,-0.34501,-0.10365,0.21122,-0.26582,-0.10624,0.042638,0.091596,0.32417,-0.048981,0.04081,0.22836,-0.11695
0.0801,-0.44508,0.14503,-0.10239,-0.063351,-0.13477,0.22726,-0.19721,0.11179,0.16004,0.059135,-0.39441,-0.55589,0.062116,-0.0057608,0.37575
-0.29226,-0.043961,-0.38438,-0.066278,-0.25113,0.39401,0.065104,0.10815,0.046564,-0.10397,0.065105,-0.35703,-0.30216,-0.36173,-0.28815,-0.2764
-0.27892,0.016576,-0.18245,-0.138,-0.4803,0.26037,-0.17923,0.030174,-0.090742,0.13475,0.0246,0.26316,0.4557,0.38423,0.19451,0.2207
-0.25583,-0.29319,-0.16164,-0.47584,-0.3066,0.32463,-0.22365,-0.018018,0.34995,0.14494,0.17742,-0.24692,-0.29931,-0.024095,0.14144,-0.01451
0.43421,0.27817,-0.12412,-0.11088,-0.038177,0.21309,0.44981,0.44011,-0.12995,0.14382,0.41152,-0.054794,0.15577,0.082926,-0.14582,-0.034325
-0.22552,0.20895,0.40342,0.080869,-0.25326,-0.17485,0.33456,0.067004,0.09454,-0.05057,0.076209,0.16673,0.4115,0.28384,-0.31818,0.35892
-0.0027178,-0.18456,-0.40288,0.10563,-0.54338,0.44189,0.30487,0.060361,0.30195,0.12602,-0.07825,0.041375,-0.17328,-0.16927,0.0024921,0.17823
-0.29276,0.23899,0.30422,0.12953,-0.24123,-0.10897,0.36439,-0.13816,0.25045,-0.11477,-0.17523,-0.22627,0.22155,0.0056279,-0.38241,0.41564
0.41414,0.23029,-0.017501,-0.029742,-0.14653,0.089978,0.28587,0.39645,-0.2678,-0.35836,0.37693,-0.069937,0.0057354,-0.35144,-0.07478,-0.17193
0.32821,0.30061,-0.12829,-0.30145,-0.11104,0.02806,0.34605,0.28034,0.0050903,0.43146,0.0089421,-0.35512,0.28738,0.029999,-0.27283,0.11325
0.21319,0.32038,-0.21863,-0.22535,-0.40292,-0.082291,0.042204,0.19621,-0.027486,0.19618,0.26551,-0.45117,0.32809,-0.1676,-0.063767,0.3014
-0.35022,0.19879,0.39312,-0.076598,-0.13424,-0.024274,0.2093,0.11685,0.5881,-0.30943,-0.14785,-0.14164,0.095027,0.22009,-0.21619,-0.11668
-0.050391,-0.38941,-0.52007,0.49869,-0.086393,0.018853,0.17226,-0.0839,0.18778,0.16569,0.026504,-0.22002,-0.05878,0.13297,0.38246,-0.053711
0.18333,0.25551,-0.14208,-0.076882,-0.21039,-0.11408,-0.13667,-0.048634,0.25729,-0.64497,0.43845,-0.2946,-0.10814,0.088411,0.1262,0.0067749
-0.19391,0.042586,0.15954,-0.27018,0.046132,0.15575,-0.58765,0.48055,-0.063636,-0.13111,0.22616,-0.074623,-0.24312,0.25213,-0.13447,0.2019
-0.23054,0.1849,0.25378,0.074279,-0.29735,-0.077866,0.48242,-0.14589,0.40401,0.053155,0.10284,0.15276,0.27774,0.3385,-0.23606,0.21642
0.10064,-0.33782,-0.11829,0.17064,-0.48917,0.055881,0.078577,0.32765,0.16897,-0.056954,0.050449,-0.17136,-0.011108,-0.084112,0.38619,-0.50661
-0.025144,-0.27471,-0.043604,-0.35506,-0.47737,0.11823,-0.13083,-0.34518,0.015128,-0.34043,-0.052517,-0.14861,-0.012208,0.23432,0.44631,0.1503
-0.33657,0.24793,0.29607,0.10736,0.033731,-0.20582,0.23471,-0.039108,-0.11144,-0.24101,-0.23794,-0.59957,0.18726,0.041316,0.29287,0.12963
-0.23249,-0.25425,-0.085879,-0.55141,0.2896,0.035324,-0.122,-0.063068,0.53699,0.050139,0.07953,-0.020242,-0.12338,0.20981,0.10452,0.31326
0.47085,0.43222,-0.23963,-0.24891,-0.10159,-0.098172,0.26445,0.34345,-0.037049,0.20091,0.1674,-0.057253,0.35604,0.053604,-0.24201,0.055002
0.20216,0.16246,0.015954,0.083751,-0.021481,0.11227,-0.0012163,0.0059208,0.27522,-0.65939,-0.090428,0.33554,-0.23822,-0.46431,-0.08378,0.041395
0.34047,0.17177,0.19246,-0.056217,-0.016247,0.45693,0.29876,0.14102,-0.33828,0.0026147,-0.32074,0.022007,-0.30755,0.41513,-0.030284,0.10264
-0.354,0.079135,-0.24316,-0.097666,-0.29861,0.17941,-0.23566,0.027977,-0.3321,0.16513,-0.22515,-0.017946,0.49244,0.095328,0.37506,0.20311
-0.1939,-0.27467,-0.27083,-0.2823,0.36426,0.087269,0.19608,0.023563,0.51517,0.2129,-0.1832,0.041359,-0.1435,-0.36834,0.078468,-0.2149
-0.17255,0.10201,0.093905,0.030814,-0.053804,-0.13635,0.085972,-0.018929,-0.28193,0.072469,0.51908,0.52754,-0.28759,0.06572,0.24511,0.37582
-0.0099347,-0.14046,-0.40887,0.64313,-0.12152,0.076513,-0.016054,0.028131,-0.078073,-0.25673,0.063406,0.26171,0.44343,0.18423,0.031767,0.040336
0.085192,-0.2628,-0.25493,0.46531,-0.11984,0.027561,0.093597,-0.033004,0.1017,-0.21764,0.067521,0.29881,0.48753,0.39712,-0.21221,0.15882
-0.14812,-0.28305,-0.41739,-0.036048,-0.47711,0.18587,0.071702,0.017705,0.19049,0.13495,0.069,-0.36801,0.068911,0.29906,0.23217,-0.3347
-0.21385,0.052377,-0.072926,-0.067366,-0.0984,0.13469,-0.23268,0.33157,-0.50816,-0.17068,0.092477,0.31813,0.26335,0.026366,-0.1376,0.51349
-0.20577,0.16586,0.27506,0.073745,-0.045118,-0.17368,0.35378,-0.041322,0.18555,-0.18661,-0.28166,-0.66611,0.10001,0.037227,0.23954,0.17008
-0.29719,0.21782,0.20198,0.12423,0.025196,-0.12569,0.15686,-0.34886,-0.27237,-0.0082825,0.15037,-0.030017,-0.29108,-0.34171,0.51089,-0.29152
-0.44939,-0.091519,-0.20543,-0.20893,-0.20683,0.20861,-0.082332,-0.12287,-0.16617,-0.20854,-0.025654,0.52408,0.41997,-0.063705,-0.25969,0.03682
-0.26917,-0.29251,-0.17711,-0.40528,-0.30513,0.25511,-0.086219,-0.032685,0.30394,0.12029,0.039356,-0.31662,-0.36135,0.27181,-0.25648,-0.028256
-0.22815,-0.45416,-0.50278,-0.20399,0.21117,0.20609,0.077263,-0.25887,0.08075,0.28247,-0.3634,0.13272,-0.0043623,-0.13199,-0.093119,0.15855
0.24687,0.1309,0.0061781,-0.23127,0.048473,0.11154,0.27131,0.25493,-0.15414,0.21352,0.59839,-0.18257,0.072098,0.15726,-0.20146,-0.42864
0.36842,0.16506,0.2298,0.066303,-0.080107,0.47783,0.08878,0.11498,-0.16931,-0.38514,0.4856,0.036949,-0.037423,0.10752,0.016915,-0.31073
0.20016,-0.4171,0.23253,-0.11382,-0.047842,-0.27908,-0.035156,-0.15619,-0.66656,-0.16331,-0.12413,-0.24115,-0.13281,-0.21351,-0.0066614,0.073025
-0.037352,-0.36494,-0.27034,-0.46985,-0.24146,0.093566,0.40197,-0.14371,0.17285,-0.20811,0.064743,0.052844,-0.32012,0.13179,-0.23221,0.26144
0.32095,0.12004,0.35015,0.12082,-0.082927,0.60533,-0.093592,-0.050908,-0.16876,-0.27101,0.25101,-0.020052,-0.084517,0.17422,0.11535,-0.38026
-0.34042,0.10961,-0.16273,0.14059,0.44418,0.0018087,0.073095,-0.11702,-0.40128,-0.11779,-0.13943,0.049866,0.28548,-0.15702,-0.43377,-0.34405
0.33992,0.058666,0.35442,0.11782,-0.10379,0.5735,-0.1587,-0.24381,0.06097,0.21685,-0.34303,-0.0077703,0.19054,-0.081167,0.045537,0.32213
0.12743,-0.35363,0.076839,-0.13599,-0.13286,-0.31167,0.13622,0.013149,-0.18894,0.12035,-0.11786,0.24115,-0.4627,-0.082966,-0.31873,-0.50596
-0.20851,-0.2312,-0.40803,0.43469,-0.061781,0.21064,0.20685,-0.074691,-0.082512,0.052986,-0.06635,-0.056227,-0.195,0.21754,0.25411,-0.53289
0.26925,-0.44373,0.2625,-0.017228,-0.39392,-0.16454,-0.033481,-0.027103,-0.56932,-0.23978,0.0032622,-0.082672,0.11272,0.13201,-0.092259,0.22404
-0.30374,0.21223,-0.49987,0.32195,0.022471,0.27324,0.1929,-0.42918,-0.3023,0.065391,0.031063,0.0036116,-0.1763,-0.1192,-0.1794,-0.19618
-0.080911,-0.15983,0.12809,-0.6752,-0.17616,0.18293,-0.23439,-0.14132,0.28061,-0.14011,0.18557,-0.078901,-0.27538,0.15616,-0.15607,0.30428
0.10164,-0.25968,-0.20541,0.44141,-0.13069,-0.088676,0.073974,0.56975,0.41411,0.20809,-0.011586,-0.21294,0.058423,-0.068928,0.13119,0.21103
0.13975,-0.31906,-0.069232,0.37191,-0.43615,-0.10932,0.025145,0.3308,0.1819,0.10527,-0.12987,-0.33055,-0.45321,0.10788,-0.042829,0.1848
0.0030158,-0.28661,0.12633,-0.55696,-0.61135,0.01204,0.0037836,-0.29732,0.12453,-0.0072063,0.036963,0.12116,-0.13189,0.15907,0.11184,0.20631
0.063725,-0.42817,-0.21345,0.042304,-0.19225,-0.013944,0.18986,0.014664,0.15786,0.073542,-0.21368,-0.21131,-0.4338,-0.32233,-0.37849,-0.3686
0.47851,0.2484,0.089262,-0.048484,-0.14502,0.35999,0.079428,0.28405,-0.31693,-0.22605,-0.018073,-0.045309,0.082905,0.13152,-0.026979,0.53157
0.13854,0.23094,-0.12859,-0.0035409,-0.11078,-0.23555,-0.23054,-0.27279,0.13293,-0.46438,0.11446,-0.0091316,-0.069991,0.58067,-0.040147,-0.35414
0.23708,-0.23521,0.30847,0.15381,-0.21271,-0.3672,-0.015354,0.033644,-0.11562,0.083667,-0.32196,0.0095716,-0.072748,-0.16354,-0.42019,-0.50546
0.34986,0.32824,-0.11772,-0.29531,0.028349,-0.016171,0.33006,0.44761,-0.14185,0.12733,0.35319,-0.15089,0.30037,-0.23366,-0.1204,0.12361
0.33134,0.32319,-0.15643,-0.085255,-0.063727,-0.10031,0.0987,0.11881,0.011476,-0.40906,0.50426,-0.053948,0.36649,-0.38508,-0.025494,-0.09019
0.26691,0.27728,-0.14303,-0.19092,-0.26372,0.0049724,0.14471,0.20335,-0.15449,-0.024122,0.70921,-0.25107,0.15873,-0.076405,-0.16531,-0.1195
-0.041936,-0.4283,-0.11084,-0.38083,-0.37538,0.26451,0.077928,-0.0092857,0.2647,0.054048,-0.087349,-0.23385,-0.45695,-0.14265,0.20777,0.18118
-0.37254,0.30501,0.45954,0.15347,-0.42187,-0.19285,0.395,-0.044022,-0.093662,-0.00030094,-0.054003,-0.18656,-0.14523,0.01506,0.29019,0.091057
0.16698,-0.45628,-0.075581,0.0048582,0.31963,-0.15259,-0.058712,0.3148,-0.091792,-0.37822,-0.1067,-0.16979,-0.1256,0.04379,0.55205,-0.1267
-0.14622,-0.29644,-0.38351,-0.042222,-0.57064,0.074347,0.24709,0.22977,0.029388,-0.022694,0.072058,-0.05906,-0.33235,0.12453,-0.40064,0.01828
-0.3987,-0.029121,-0.37565,0.03646,-0.32198,0.35164,-0.059042,-0.26552,-0.040792,0.19869,-0.36039,0.26461,-0.072824,0.042985,-0.16413,-0.3483
-0.23546,-0.31239,-0.34396,0.14087,-0.5032,0.40586,0.12988,0.16554,-0.024804,0.18777,-0.18116,0.083704,-0.32374,-0.0023206,-0.12128,-0.22671
-0.34313,0.33776,-0.34244,0.26033,0.019039,0.28628,0.039716,-0.34914,-0.4304,0.063206,0.022588,-0.13266,-0.24348,0.15019,-0.2077,0.21217
0.32917,0.32957,-0.24088,0.17856,-0.3016,-0.01343,-0.062488,-0.03594,-0.21445,-0.38875,0.1174,-0.14306,0.36321,0.049049,0.20994,0.43244
0.14973,-0.32495,0.0059773,0.036919,-0.33265,-0.088037,-0.17384,0.15671,-0.13339,-0.11268,-0.13511,0.094157,-0.4689,-0.19888,-0.25753,-0.5604
-0.31568,0.13059,0.056417,-0.05682,-0.093372,0.098808,-0.23232,0.39582,-0.55549,-0.19502,-0.15321,-0.42497,-0.13605,0.047401,0.23535,0.14469
0.12106,0.33204,-0.23431,0.091435,-0.44814,-0.14677,-0.21886,-0.33819,-0.20443,-0.19884,-0.16231,-0.12751,-0.1222,-0.28336,-0.040472,0.45431
-0.38342,0.15143,0.033298,-0.094157,0.016941,0.13385,-0.3871,0.30886,-0.38909,-0.050106,-0.31109,-0.04388,-0.21447,0.037451,0.1765,-0.47486
-0.18791,0.10732,-0.45816,0.14288,-0.41621,0.44766,0.20651,0.15897,0.1645,0.02395,-0.39892,0.15862,-0.22281,-0.12761,-0.012468,-0.057261
-0.38601,0.18441,0.16225,-0.086297,0.074124,0.037349,-0.4165,0.21643,-0.39029,0.036013,-0.14874,-0.25027,-0.36131,-0.18421,0.39004,-0.032091
-0.31795,0.20317,0.16902,0.0038302,-0.016321,-0.098312,0.070153,0.033805,-0.25635,-0.094327,-0.23228,-0.68989,-0.066456,0.074659,0.41686,0.15741
-0.26139,0.14948,0.099042,-0.030136,-0.0030754,-0.0080522,-0.18513,0.11876,-0.24387,-0.13022,-0.30141,-0.45237,-0.31971,-0.062787,0.59818,0.11944
0.10342,-0.12592,0.10978,0.3312,-0.2631,-0.13894,-0.18377,0.36531,0.51326,0.35366,-0.013687,-0.031725,-0.17984,0.13176,-0.34127,0.20019
-0.09473,-0.3995,-0.28371,-0.29363,-0.41678,0.070322,0.0079619,-0.18669,0.087287,-0.10549,0.0079938,-0.19727,0.22757,0.38836,0.41413,0.13896
-0.23455,0.061724,-0.071751,-0.075524,-0.18586,0.17414,-0.33317,0.19898,-0.58098,-0.08638,-0.12083,-0.11926,0.05018,0.038507,0.20607,0.54274
0.1318,-0.33299,0.19703,-0.12342,-0.082157,-0.29416,-0.058859,-0.20649,-0.35332,-0.3028,-0.077617,-0.51976,-0.027908,0.098584,0.11578,0.40213
0.15929,0.33843,-0.20231,-0.31792,-0.18834,-0.26814,-0.071467,0.11376,0.03813,0.41859,0.27162,-0.26798,0.31283,-0.33728,0.11018,-0.21601
-0.31215,0.10287,-0.017116,-0.15181,-0.18179,0.1574,-0.45908,0.43248,-0.57309,0.015563,-0.013482,0.14176,-0.1729,-0.061379,0.17282,0.023251
-0.10677,-0.26151,-0.1854,-0.53371,-0.41119,0.19289,0.10264,0.087207,0.044836,0.37968,-0.29106,-0.15795,0.0096709,-0.10929,-0.19212,-0.26793
-0.25902,-0.30526,-0.23285,0.087944,0.4225,0.14097,0.01233,-0.29166,0.25913,0.24949,-0.038558,0.093379,-0.01473,-0.59078,0.049379,0.053865
0.17548,-0.3686,0.20947,-0.18341,-0.20648,-0.23577,-0.035117,-0.17768,-0.48748,-0.1714,-0.17229,-0.27881,-0.1919,-0.025186,0.32924,0.32327
0.056759,-0.30505,-0.47677,0.35468,-0.53521,0.21696,-0.09347,0.10313,-0.20241,-0.057606,-0.079306,0.13878,0.16984,0.10895,0.27037,-0.11859
-0.31858,0.024571,0.083054,-0.40303,-0.1419,0.26097,-0.61911,0.39297,-0.14929,-0.060036,-0.21744,-0.078421,-0.048506,0.07699,-0.11957,-0.026645
0.28716,0.3685,-0.2123,0.009476,-0.30126,-0.074176,-0.065778,0.14605,0.1222,0.10616,-0.16179,-0.24672,-0.28394,-0.15712,-0.17295,0.60515
-0.31188,-0.029987,0.035471,-0.26952,-0.23814,0.33435,-0.49445,0.30743,-0.06039,-0.11984,0.0069345,0.14202,-0.43237,-0.01062,-0.2658,0.15655
-0.2644,-0.057664,0.05664,-0.3073,0.083188,0.18902,-0.25529,0.33597,0.15553,0.045006,0.21594,-0.13424,0.049853,0.34037,-0.41924,0.47272
-0.34109,-0.19009,-0.35288,0.27882,-0.24531,0.23692,-0.066858,-0.33386,0.0060749,0.36822,-0.29234,0.0019626,0.16866,0.19479,0.33317,-0.12057
0.32558,0.27126,-0.072538,-0.25033,-0.15232,0.12442,0.28769,0.33304,-0.17227,0.34685,0.45645,-0.23278,0.3197,-0.07074,0.0034623,0.019517
-0.30561,0.080156,-0.33147,0.26359,0.25012,-0.017889,-0.0077936,-0.30176,-0.33531,-0.0018853,0.049769,0.031477,0.3927,-0.2617,-0.36987,0.30234
0.070383,-0.27393,0.21486,-0.30095,-0.17918,-0.086572,-0.056981,-0.51324,-0.18807,-0.032077,0.17005,-0.22507,-0.32482,-0.10316,-0.42287,0.25704
0.15091,-0.59821,0.046222,-0.30969,-0.25452,-0.18661,0.17143,-0.39497,-0.045984,-0.14285,0.10529,0.11412,-0.20981,-0.098993,-0.34896,-0.11876
-0.39795,0.055301,-0.24176,0.17984,-0.020061,0.32642,0.068876,-0.31846,-0.45135,0.14343,-0.13986,0.28468,-0.06104,0.28294,-0.35454,0.017336
0.26375,0.3704,-0.24212,-0.31006,0.13897,-0.21973,0.15484,0.18778,0.096121,0.3265,0.24365,-0.32296,0.24513,-0.37414,0.17873,0.010642
-0.29476,-0.27593,-0.31015,-0.07227,-0.48958,0.36773,0.16275,-0.15566,0.19287,0.077108,-0.18612,0.22644,0.19707,0.03442,0.3726,0.044826
-0.1433,-0.0085351,-0.36642,0.3749,-0.2565,0.28706,0.083703,0.035262,0.27604,0.13487,0.011401,-0.18054,-0.57193,-0.23339,-0.10803,0.16666
-0.042682,-0.31714,0.01773,-0.43691,-0.3686,0.093163,-0.16694,-0.30416,0.16833,-0.11595,0.060825,-0.26333,-0.24013,0.1336,-0.35909,0.34956
-0.30924,-0.16582,0.034422,-0.43048,0.28109,0.13346,-0.15165,-0.10034,0.52298,0.15248,-0.19462,0.39945,0.026892,0.028789,-0.23981,-0.084995
-0.49449,0.03029,-0.087514,-0.38893,0.056575,0.1701,-0.3923,0.32989,0.052672,0.033606,-0.2213,0.12336,0.22331,0.17934,-0.37008,0.11699
0.1184,-0.21062,0.067736,0.17684,-0.2053,-0.14193,0.11226,0.12111,0.11205,0.28771,0.20673,0.21867,-0.69204,0.08834,-0.069057,0.37259
-0.35923,-0.04125,-0.020014,-0.28223,-0.074091,0.31707,-0.36591,0.31782,0.19589,-0.055838,0.050672,0.41509,-0.31919,-0.03582,-0.26389,-0.24312
0.19536,0.23896,-0.08573,-0.049262,-0.1694,-0.059969,-0.13993,-0.0051583,0.13186,-0.6462,0.41545,-0.057557,0.041947,-0.46831,-0.06007,0.086626
-0.29834,0.040395,0.14519,-0.27479,0.042451,0.12949,-0.3906,0.52462,-0.069879,-0.13673,-0.13152,-0.094359,-0.41742,-0.071317,0.12304,-0.34952
-0.038671,-0.31298,-0.29095,0.078039,0.40373,-0.17619,0.34261,0.059178,0.21833,-0.21067,0.25146,-0.13512,0.30085,0.23587,0.3064,-0.28517
0.087447,0.27508,-0.14124,-0.068225,-0.11347,-0.4147,-0.35385,-0.32385,0.032633,-0.003192,-0.18081,-0.055725,0.021632,0.59728,-0.14804,-0.24727
0.14435,-0.23491,0.00043587,0.4973,-0.21224,-0.12807,-0.097324,0.60246,0.19638,0.16568,0.11198,-0.08153,-0.18363,0.099761,0.32911,0.074853
-0.31033,0.11206,-0.080288,0.010426,0.32833,-0.008894,-0.20482,0.035654,-0.3968,-0.18992,-0.11531,-0.69315,-0.075311,-0.010805,0.1775,0.094382
0.13215,-0.13341,-0.021305,0.55229,-0.1219,-0.1256,-0.20181,0.4851,0.12415,-0.015086,0.16193,-0.18879,-0.16068,0.42375,0.019287,0.26327
-0.37304,0.2634,-0.5039,0.23754,-0.089324,0.48012,0.16198,-0.20969,-0.16688,0.011267,0.067596,0.14007,-0.0011455,-0.1678,-0.25979,-0.15684
-0.07635,0.071585,-0.32847,0.59357,-0.44885,0.20695,-0.053725,-0.18524,-0.12239,0.18436,-0.096579,-0.1571,-0.33486,-0.0013925,-0.2173,-0.070699
-0.040867,-0.08618,-0.42902,0.45337,-0.47511,0.28691,0.26791,-0.096658,0.036738,-0.09427,-0.11991,-0.064106,-0.26421,-0.16951,-0.28825,0.042272
-0.28431,0.06556,-0.52187,0.40337,-0.18042,0.38602,-0.0068517,-0.10333,0.061012,0.28339,-0.37355,0.089957,0.0010779,-0.20343,0.024057,-0.11788
-0.097662,-0.10509,-0.35643,0.59896,-0.38988,0.18257,0.082884,-0.050627,-0.1971,0.0088459,0.12754,-0.16556,-0.36673,0.094123,-0.24616,-0.11091
-0.1285,0.095477,-0.31925,0.57738,-0.41434,0.21206,0.032622,-0.14887,-0.28596,0.11357,0.14477,-0.23517,-0.15132,-0.068299,-0.30278,0.095072
0.12423,0.0086878,0.18881,0.37063,-0.08465,-0.11723,-0.40369,0.40712,0.50545,0.18345,0.10769,-0.047083,-0.1502,-0.043643,-0.30779,0.19925
-0.22551,-0.19502,-0.4872,0.18746,-0.58915,0.27585,-0.08131,-0.15121,0.15178,0.12232,-0.016047,-0.15935,0.026981,-0.10633,0.25114,-0.21722
0.38856,0.39148,-0.19566,-0.3427,-0.16231,-0.070749,0.16437,0.42339,-0.09132,0.24115,0.33267,-0.24589,0.097259,0.024129,-0.21995,-0.079834
0.070148,-0.038026,-0.084022,0.66874,-0.29493,0.028305,-0.18234,0.29978,0.1616,0.23987,0.27367,-0.16494,-0.10809,-0.0026921,-0.27838,0.23135
-0.17706,-0.14668,-0.053857,-0.47535,-0.48089,0.26412,-0.21781,0.094883,0.18366,0.17069,0.078924,-0.20486,-0.43772,0.11284,0.017797,0.21239
-0.2822,-0.25623,-0.35058,-0.056962,-0.14445,0.26796,-0.034468,-0.19115,0.37316,-0.13412,-0.17015,0.31104,-0.063489,-0.15915,0.52317,-0.11032
-0.24158,0.24669,-0.45527,0.44183,-0.09723,0.32504,0.16237,-0.16371,-0.14105,0.11403,0.18544,-0.079327,-0.17968,0.0086633,-0.42175,-0.16192
-0.39827,-0.16063,-0.21967,-0.51706,-0.20055,0.37771,-0.33028,0.181,0.1647,-0.20538,-0.0046151,0.017058,-0.2935,0.029951,0.10342,0.088776
0.11483,-0.12823,0.11911,0.37887,-0.15568,-0.19124,-0.26361,0.47029,0.016957,0.032653,0.25193,-0.073457,-0.12731,0.45179,0.35265,0.21508
-0.13172,-0.17342,-0.51494,0.42575,-0.44818,0.17835,0.12444,-0.14753,-0.084137,0.13261,0.21587,-0.24488,-0.062192,0.0040642,-0.17314,-0.26669
0.17213,0.21658,-0.14114,-0.40291,-0.28051,-0.044368,0.086627,0.19683,-0.050357,0.59322,0.31152,-0.26841,-0.006437,-0.29168,0.045311,-0.059955
-0.21788,-0.16702,-0.19582,-0.27285,0.3281,0.15312,0.0098025,-0.083485,0.26276,0.18476,0.33006,-0.15208,-0.53299,-0.017957,-0.3327,-0.20821
0.27523,0.39046,-0.21773,-0.068896,-0.30887,-0.20435,-0.23955,-0.1858,0.16897,-0.54333,0.30958,-0.14087,-0.21364,0.04264,0.059466,0.011747
-0.093231,0.14091,-0.41638,0.59884,-0.044521,0.10752,0.12044,-0.43028,-0.24584,-0.095769,0.028868,-0.19927,-0.09008,-0.2483,-0.21221,0.036552
0.081482,-0.35161,-0.046352,0.33585,-0.52754,-0.062328,0.011778,0.21261,0.019154,0.17182,-0.085097,0.12097,-0.31119,-0.34864,0.081031,-0.38801
-0.058135,-0.17906,-0.18752,0.027343,-0.67595,0.2573,0.049718,0.15546,-0.10707,-0.13382,0.13528,-0.0307,-0.33465,-0.011433,-0.17678,-0.43234
-0.32964,-0.0021103,-0.42013,0.50539,-0.30148,0.22333,-0.060358,-0.28396,-0.07475,-0.016013,-0.24827,-0.044647,-0.24613,0.25474,0.1697,0.103
-0.20122,-0.014043,-0.33332,0.5504,-0.38816,0.24837,-0.043809,-0.24982,-0.2605,-0.014339,-0.2514,-0.0058309,-0.24336,-0.18621,-0.17807,0.10806
0.33627,0.36989,-0.16949,-0.17826,-0.027401,-0.11129,0.14128,0.1103,-0.1531,0.56152,-0.016224,-0.025801,0.50347,-0.083248,0.15299,-0.14438
0.11068,-0.48377,0.18265,-0.34091,-0.00034229,-0.22641,0.1115,-0.37374,0.18768,-0.23659,0.23754,-0.2821,-0.023509,0.067099,-0.26677,0.31199
-0.15504,-0.26222,-0.23006,-0.5511,-0.57045,0.26882,-0.064643,-0.0048239,0.17828,0.10668,0.12618,-0.072061,-0.069705,0.23123,0.12743,0.099191
-0.26103,0.17653,-0.53164,0.50091,0.21261,0.33131,0.26244,-0.13611,0.076714,0.21989,0.093714,0.045528,0.00035198,0.026574,-0.20558,-0.12929
-0.071409,0.013619,-0.58881,0.64594,0.016483,0.10398,0.21623,-0.28158,0.0058202,0.055798,-0.010851,-0.18852,-0.025379,-0.18741,-0.08913,-0.10553
-0.048731,0.049438,-0.29392,0.66113,-0.39752,0.1781,-0.061135,0.0089123,-0.046297,0.091933,0.091594,-0.29299,-0.21584,0.02218,-0.22209,0.27731
-0.060842,-0.21602,-0.19044,-0.32365,-0.33273,0.31192,-0.0030182,0.16001,0.26321,0.29191,0.051017,-0.21837,-0.50075,-0.24407,-0.24177,-0.038012
-0.17075,0.098615,-0.17733,0.36339,0.1606,0.084689,0.074182,-0.39567,-0.31795,0.11819,0.21507,-0.28352,-0.17665,-0.030349,-0.56049,0.12092
-0.1892,0.098795,-0.48179,0.48124,-0.39641,0.25333,0.097926,-0.20498,-0.34507,-0.050077,-0.046297,-0.068756,0.22017,0.094703,0.044225,-0.17307
-0.27228,-0.0028632,0.095071,-0.37608,-0.058645,0.21473,-0.45909,0.43373,0.15277,-0.284,0.21677,0.0099382,0.14011,0.020618,-0.18805,0.34706
-0.14358,0.078929,-0.17901,0.43022,-0.24017,0.17836,0.097363,-0.21621,-0.43873,0.23605,0.21883,-0.13556,-0.02447,-0.20438,-0.50164,0.042638
-0.25197,-0.29607,-0.025334,-0.19308,-0.36641,0.29052,0.010678,-0.14206,0.073599,0.22201,-0.30916,0.23688,-0.012785,-0.55676,0.14171,0.18798
-0.23678,0.12338,-0.25497,0.449,-0.47199,0.35888,-0.026224,-0.15673,-0.22161,0.30376,-0.13974,0.2003,-0.016064,0.10202,-0.084758,-0.25768
0.085324,0.46716,-0.22277,-0.020879,-0.065801,-0.49154,-0.31736,-0.43386,-0.16409,0.12224,-0.2667,0.13284,-0.17119,0.15726,-0.01022,-0.068833
-0.30126,0.15818,-0.56439,0.42104,-0.16204,0.38956,0.096191,-0.19733,-0.26901,0.15487,-0.13239,-0.085429,0.13943,-0.085545,-0.055799,0.10562
-0.45082,0.22625,0.25786,-0.1312,-0.10181,0.030398,-0.13492,0.1586,0.038897,0.023522,-0.078369,-0.21108,-0.20412,-0.41245,-0.14434,-0.56731
-0.63135,0.33902,0.46882,0.03908,0.096321,-0.040237,0.13402,0.12813,-0.13085,-0.12288,0.070073,0.18579,-0.1653,0.22819,0.085646,0.24797
-0.27534,0.14607,0.16313,-0.019763,-0.21633,-0.051017,0.19032,-0.077397,0.58011,0.3111,0.042854,-0.1687,-0.19339,-0.10308,0.28227,-0.43924
-0.16351,0.027675,-0.39687,0.64819,-0.16547,0.14658,0.043421,-0.090062,0.035342,0.056003,-0.097241,-0.057451,-0.38862,-0.18522,-0.35494,0.086719
0.099751,0.37414,-0.1771,-0.082824,-0.4385,-0.36163,-0.35414,-0.35214,-0.13471,0.091458,-0.22265,0.068404,0.023175,0.37875,-0.11307,0.042768
-0.024494,0.018582,-0.20567,0.72289,-0.062035,0.05639,-0.060151,-0.33991,-0.1502,-0.0013243,0.17308,-0.17107,-0.05107,-0.069131,-0.42072,0.20448
-0.14385,0.10264,-0.25912,0.44928,0.049776,0.11097,0.13833,-0.28949,-0.40428,0.0039855,0.3135,-0.18745,0.17604,-0.071528,-0.48278,0.12644
0.033104,-0.36157,-0.1762,-0.029252,-0.30588,0.049226,0.16624,-0.19732,-0.086426,-0.19571,-0.23992,0.36714,0.34799,0.35187,0.43444,0.044065
-0.090121,-0.28593,-0.21248,-0.28209,-0.67552,0.23892,0.071144,-0.053952,0.044165,-0.040489,-0.057828,0.29681,0.34653,0.06787,0.20132,0.061317
0.21929,0.33459,-0.20509,-0.031675,-0.2723,-0.25398,-0.19401,-0.24004,0.090823,-0.4964,0.31563,-0.062688,-0.087864,0.36345,0.027489,-0.25337
-0.23149,0.21596,0.34029,0.093548,-0.12531,-0.15839,-0.025585,-0.022965,-0.16829,0.086988,0.28609,0.29278,-0.47631,-0.26131,0.40862,-0.26013
0.096954,0.38678,-0.21758,-0.17858,-0.34567,-0.19627,-0.18343,-0.17761,-0.11577,0.35456,-0.41984,0.025458,-0.19801,-0.1381,0.37554,0.15242
-0.37994,0.26959,0.14532,0.22496,-0.45073,-0.022022,0.21236,-0.38801,-0.12024,0.062628,-0.044754,0.019394,0.19611,-0.010949,-0.14741,0.48051
0.026188,-0.63185,-0.14626,-0.22368,-0.016529,0.0049839,0.17502,-0.1649,0.21125,-0.12958,0.050167,-0.14321,-0.14557,0.5311,-0.1518,-0.24452
0.22102,-0.24048,0.21107,0.23961,-0.42358,-0.12709,-0.11311,0.2719,0.16588,0.23489,-0.02853,0.11344,0.21709,-0.062031,-0.4245,-0.42604
-0.13582,-0.40854,-0.46552,-0.30679,-0.43992,0.34027,0.15138,-0.022637,0.21681,0.080687,-0.07662,-0.0032703,0.21587,0.1354,0.12484,-0.17654
0.28205,0.44916,-0.2461,-0.21252,-0.047425,-0.43695,-0.11893,-0.099844,0.060738,0.19009,0.34408,-0.31347,-0.095715,0.27027,-0.14941,-0.18619
0.10994,0.33069,-0.22021,-0.22032,0.097352,-0.28889,-0.13854,-0.0079136,0.1712,0.54379,-0.22651,0.097225,-0.088589,-0.44639,0.24355,-0.13086
0.21905,-0.18045,0.34933,0.26743,-0.21946,-0.28132,-0.33401,0.49409,-0.092038,0.086395,-0.25086,-0.24085,-0.17559,-0.039023,-0.2668,-0.050006
-0.066703,-0.47386,-0.48851,-0.28686,-0.079177,0.1729,0.13653,0.012835,0.31427,0.23266,-0.058858,0.092042,0.36786,-0.21639,0.18895,-0.11151
0.011447,0.4137,-0.29484,-0.12183,-0.079274,-0.33955,-0.24455,-0.1935,-0.12572,0.39397,-0.1384,-0.024774,0.30655,-0.47214,0.020855,-0.0031883
0.17696,-0.25795,-0.26103,0.41272,-0.41099,0.051868,0.28769,0.40151,0.097595,-0.30861,0.088718,0.011452,0.027002,0.20854,0.28679,0.094108
-0.2858,-0.10812,-0.0094902,-0.45957,0.041011,0.22433,-0.24801,0.17777,0.36218,-0.10159,0.27227,0.2997,0.044815,0.4171,-0.14208,0.22047
-0.38885,0.30989,0.49992,0.18456,-0.23049,-0.2325,0.44154,-0.098465,0.045401,-0.02259,-0.04914,0.071223,-0.11823,-0.047644,0.14655,0.33038
0.13155,0.3882,-0.20402,-0.34383,-0.49023,-0.21602,-0.20207,0.094244,0.031095,0.44465,0.087754,-0.20146,0.092432,-0.042871,0.2448,-0.13479
0.22989,-0.2439,0.43261,0.014455,-0.37862,-0.42558,-0.19725,0.10347,-0.23816,0.041522,-0.013277,-0.088741,-0.31678,0.1931,-0.073784,0.34152
0.013258,0.36712,-0.19718,-0.03276,-0.13787,-0.44029,-0.35189,-0.369,-0.11128,0.32066,-0.15687,0.07056,0.050617,-0.38418,0.026812,0.23784
0.29191,0.47219,-0.24208,-0.13963,-0.16358,-0.44424,-0.26928,-0.22129,-0.043332,-0.12075,0.28337,-0.22081,-0.064071,0.32477,-0.025475,-0.11128
-0.43091,0.052239,-0.047982,-0.098731,-0.0016313,0.21261,-0.29564,0.30928,-0.10255,-0.084918,-0.56645,0.22617,0.35088,-0.0031479,-0.16469,0.17686
-0.33447,0.24043,0.19641,0.17762,-0.25543,-0.045809,0.18064,-0.25062,-0.18216,-0.043478,0.39347,0.28035,-0.052428,0.0039378,-0.06275,0.56765
0.35713,0.39395,-0.1841,0.044475,-0.36103,-0.04614,-0.097414,0.10347,0.071201,-0.56715,-0.058012,0.16846,-0.34147,-0.10603,-0.20464,0.022956
0.48379,0.41861,-0.16418,-0.30145,0.1763,0.071906,0.28954,0.29973,0.14843,0.078364,-0.046305,-0.012058,0.39959,-0.16531,0.057186,0.2055
0.049261,0.38104,-0.22244,-0.011053,-0.14595,-0.36854,-0.2573,-0.27775,-0.05256,0.28675,-0.32171,0.14291,-0.043267,-0.53879,-0.019986,0.028757
-0.2514,0.2125,0.32412,0.094689,-0.21979,-0.13156,0.48188,-0.31253,0.40049,0.20315,0.12995,0.13167,-0.25506,0.027786,0.24919,-0.13533
-0.0093378,-0.56089,-0.2111,-0.36222,-0.28584,0.29497,0.010619,0.098529,0.16888,0.24828,-0.061884,0.36777,-0.28685,-0.034953,-0.13456,0.012353
-0.33275,0.2708,0.47393,0.10992,-0.43395,-0.15371,0.30459,0.066099,0.14984,-0.024087,-0.17364,-0.25356,-0.12346,0.013229,0.35775,-0.096409
0.31829,0.34669,-0.22478,-0.17753,-0.4641,-0.080447,0.040364,0.12277,-0.065594,0.061514,0.097331,0.055077,0.37511,-0.47687,0.22853,0.13026
-0.2657,0.20645,0.40777,0.043027,-0.06344,-0.077452,-0.14325,0.3478,-0.22509,-0.051611,-0.032936,0.092954,-0.43069,-0.022551,0.40846,-0.3889
-0.34959,-0.15787,-0.41976,0.16419,-0.51234,0.18134,-0.0042333,-0.023482,-0.23874,0.12331,0.17806,-0.23289,-0.16984,0.062297,-0.22603,-0.33437
0.18062,-0.12795,0.41631,0.062539,-0.27237,-0.32544,-0.21635,-0.14933,-0.39699,0.15748,-0.15848,0.23986,0.40574,-0.25676,-0.13915,-0.098087
0.16472,-0.010671,0.2169,0.41681,0.0055906,-0.1877,-0.38366,0.3991,0.37048,0.15012,0.062489,0.13505,0.43894,0.15205,0.10452,0.039868
-0.57486,-0.029686,-0.52147,0.010911,0.032931,0.21572,0.12263,-0.16216,-0.3178,0.12143,0.15758,0.11782,0.19247,0.16583,0.24051,0.17553
0.049494,0.36998,-0.20209,-0.069814,-0.37665,-0.42256,-0.34594,-0.30157,-0.16473,0.10028,-0.041214,-0.30038,0.24568,-0.25936,0.16305,-0.024197
-0.49631,0.078208,-0.36066,0.30498,-0.0686,0.12037,-0.0062593,-0.18543,-0.56157,0.041111,0.0059099,-0.19761,0.26293,0.1737,0.053303,0.1121
-0.32389,0.12248,0.07608,-0.20151,-0.17394,0.17614,-0.31254,0.50554,-0.20192,-0.20149,-0.42404,0.05415,0.35445,0.080939,-0.15045,0.015087
6.305e-05,-0.33521,-0.41354,0.70384,-0.35804,0.15647,0.1564,0.11062,-0.051673,0.003698,0.11052,0.12648,-0.019512,0.0021371,0.016503,-0.017482
-0.3557,0.1102,0.16347,-0.25494,-0.1844,0.16025,-0.45769,0.40684,-0.10828,-0.064289,-0.1685,-0.017041,-0.43708,-0.20745,-0.17356,-0.16187
-0.34214,0.11845,0.096757,-0.17675,0.16112,0.13856,-0.29249,0.17266,0.020096,-0.10881,-0.039548,0.29131,0.42491,-0.086051,-0.48332,-0.38414
0.48976,0.47794,-0.1682,-0.24625,-0.28364,0.067965,0.27791,0.18541,-0.074999,-0.21509,-0.15899,0.28281,-0.17728,0.015256,-0.12284,0.2054
-0.13512,-0.38902,-0.45539,0.34354,0.038798,0.10809,0.23977,-0.14865,0.17943,0.0083637,-0.39633,0.11073,-0.25724,-0.18272,0.14391,-0.30061
-0.45728,0.33559,0.28137,0.14167,-0.30848,0.063093,-0.075479,0.054951,-0.58361,0.012485,0.033108,0.31916,0.017352,0.06458,0.15163,-0.002056
0.27186,0.31085,-0.1228,-0.044045,0.0005015,-0.15875,0.060044,0.022787,0.080487,0.33859,-0.52794,0.20258,-0.37375,-0.14243,0.19427,0.38016
0.077746,0.36095,-0.22571,-0.24393,-0.26253,-0.324,-0.20919,-0.025756,0.052677,0.56747,-0.28722,0.092249,0.088288,-0.21863,0.23384,-0.093935
0.061212,0.15678,-0.093069,-0.0098937,-0.080969,-0.16888,-0.22961,-0.2902,0.045818,-0.10431,-0.28214,0.17364,-0.19399,0.74476,-0.12682,-0.24448
-0.11097,-0.51905,-0.28692,0.0044096,0.010477,0.1704,0.090691,-0.38958,0.47316,-0.25347,0.069156,0.1988,0.0016593,0.25743,0.14356,-0.16575
-0.098375,-0.30902,-0.19266,-0.3025,-0.33926,0.18935,-0.023155,-0.20564,0.1637,-0.039863,-0.094236,0.20122,0.30116,-0.064265,0.6305,-0.048139
0.093756,0.34481,-0.19909,-0.04153,0.02233,-0.38878,-0.23862,-0.32928,0.040712,0.07942,-0.61932,0.31193,-0.14836,0.054448,-0.0083454,-0.0084437
0.044581,-0.42843,-0.15827,0.18494,-0.53129,-0.35716,0.17618,0.23732,-0.071479,0.26929,0.05333,-0.039979,-0.37582,0.034518,-0.11457,0.14279
0.20687,0.22896,-0.096332,0.016353,-0.244,-0.0063545,-0.15467,-0.14141,0.29066,-0.72496,0.19565,0.18413,-0.020653,-0.2809,-0.078493,-0.15494
0.073357,-0.3366,-0.081383,-0.002917,-0.13096,-0.15318,0.12702,-0.11157,0.011259,-0.27263,-0.078113,-0.020978,0.51356,0.26102,0.62401,0.056864
-0.057162,-0.24324,-0.034522,-0.41041,-0.65335,0.237,-0.16171,-0.21246,0.20432,-0.17598,0.17327,0.020335,-0.10479,-0.035232,0.235,0.20741
0.19558,-0.29825,-0.02517,0.40658,-0.159,-0.18798,0.13373,0.39404,0.312,0.23802,-0.043311,0.11844,-0.43591,0.062029,0.18629,0.27316
0.20171,-0.30903,0.29358,-0.057159,-0.019982,-0.3254,-0.075141,0.068088,-0.24752,0.14145,-0.26225,0.23067,0.017425,-0.40607,-0.399,-0.36075
0.35319,0.1519,0.096253,-0.2454,0.018957,0.20137,0.36715,0.15206,-0.15213,0.46033,-0.20214,0.29929,-0.26465,0.3736,-0.055031,-0.075756
0.19461,-0.3171,-0.1245,0.44133,-0.22908,-0.1388,0.020448,0.31844,0.24351,0.0038723,-0.020235,0.15135,0.22727,0.14133,0.5509,-0.14138
-0.11842,-0.27734,-0.18025,-0.2333,-0.65297,0.22145,-0.052286,-0.048507,0.14197,0.014321,-0.077026,0.10841,0.27166,-0.13377,0.45938,-0.029474
0.17029,0.15934,0.36642,0.21495,0.15028,0.46821,-0.50941,-0.33333,0.26045,0.055178,0.12215,-0.056377,0.067329,-0.032014,0.23419,-0.057856
0.10468,-0.2654,-0.24138,0.27876,-0.6785,0.23744,0.069725,0.20634,0.038837,-0.18144,-0.010023,0.11545,0.25252,0.12974,0.29457,-0.056842
0.069651,-0.39736,0.19828,-0.33191,-0.23422,-0.23013,0.038682,-0.47278,-0.11203,-0.058002,-0.071168,-0.15071,-0.38244,-0.1882,0.23193,-0.27528
-0.34008,-0.16489,-0.45031,-0.24836,-0.29135,0.47059,0.048164,0.062409,0.28456,0.37399,-0.14612,-0.072801,-0.057659,-0.14695,-0.066994,-0.05685
-0.32649,0.26083,0.4467,0.020004,-0.30311,-0.13807,0.37162,0.16669,0.12094,-0.037456,-0.048376,-0.073873,0.052878,-0.13486,0.10895,-0.5403
0.33946,0.15138,0.28848,0.13589,-0.057241,0.51136,-0.013683,-0.020444,0.17243,-0.26875,-0.4905,0.32533,-0.0025472,-0.14562,0.15831,-0.011652
-0.44035,0.33311,0.49323,0.087386,-0.14074,-0.11622,0.30294,0.063281,0.12522,0.033736,0.30497,0.31693,0.1498,0.091349,-0.26844,0.044829
-0.30438,0.27602,0.52741,0.081991,-0.22023,-0.22275,0.43237,0.027385,0.35619,-0.020795,0.11281,-0.15556,-0.034148,0.0051749,0.10605,-0.28948
-0.50013,0.26757,0.27476,0.030891,-0.37046,0.17136,0.050895,0.15235,-0.49668,-0.20316,0.094169,0.17263,0.11,-0.11493,-0.010823,-0.2395
0.26871,-0.42632,0.33101,0.18237,-0.39322,-0.34005,0.14935,0.074532,-0.3825,-0.073934,0.049421,0.087528,0.012924,-0.31064,-0.19194,-0.098607
0.25973,-0.43151,0.19328,0.20982,-0.26647,-0.27317,-0.0049848,0.19421,-0.21256,-0.18849,-0.40198,-0.40266,0.22855,0.13207,-0.075204,-0.04268
0.13693,-0.45474,0.13875,-0.10917,-0.50949,-0.11851,0.078642,-0.12624,-0.19174,-0.21153,-0.26397,-0.33934,0.38097,-0.11757,0.14735,-0.023054
0.4271,0.44789,-0.28588,-0.26757,0.014082,-0.30483,-0.010661,-0.03868,0.15088,0.13603,-0.038756,0.10192,0.18834,-0.28718,0.42701,-0.12445
-0.20766,-0.13782,0.04293,-0.54188,-0.18487,0.22015,-0.24021,0.0093628,0.36158,-0.0013354,0.15276,-0.044652,-0.42954,-0.29018,-0.26694,0.077005
0.32386,0.47158,-0.28542,-0.24197,-0.0023794,-0.36118,0.0017917,0.10571,0.12941,0.1207,0.0028279,0.33894,0.21458,0.062147,0.44111,-0.019851
0.46117,0.42426,-0.1625,-0.20236,-0.16302,0.025186,0.32345,0.22113,-0.12992,0.11389,0.16919,0.095798,0.19016,0.47362,0.13443,-0.11416
-0.51821,0.082547,0.13451,-0.27652,-0.12691,0.32112,-0.40996,0.28225,0.20817,-0.04301,-0.19108,-0.038234,0.1236,-0.083511,-0.368,-0.14931
-0.010576,-0.49071,-0.218,-0.15898,-0.53018,0.18765,0.23602,-0.014024,0.11425,-0.1243,-0.039206,-0.01583,0.37416,0.10524,0.31602,-0.18125
-0.054644,-0.34926,-0.14586,-0.27112,-0.30424,0.02041,0.090675,-0.21134,0.15236,-0.34149,0.25265,-0.066776,0.27603,0.47096,0.34936,0.078841
0.38604,0.081223,0.25461,-0.089224,-0.057225,0.33188,0.20341,0.17255,-0.12356,-0.12983,0.30445,-0.37972,0.070849,-0.063737,0.17599,-0.52723
0.21376,-0.53201,0.046639,0.3224,0.087509,-0.32284,0.047459,0.021943,-0.089079,-0.16074,0.15416,0.32333,0.53348,-0.050864,0.03581,-0.00014428
0.039957,-0.29874,-0.25521,0.36302,-0.60386,0.091707,0.25969,0.13177,0.065401,0.1318,-0.18257,0.030402,-0.026309,0.13363,0.29946,-0.30042
-0.087557,-0.15283,-0.17033,-0.35364,-0.52516,0.15221,0.11809,-0.13175,0.18723,-0.13075,-0.074943,-0.53272,-0.22184,0.18543,0.17677,-0.16802
0.071795,-0.40813,0.15985,-0.48612,-0.20968,-0.036124,0.047976,-0.33173,0.22203,-0.26743,0.16216,0.20257,0.15005,0.10912,0.37716,0.2097
-0.39837,0.067663,0.13075,-0.12753,-0.36691,0.32173,-0.2927,0.18598,0.0080935,-0.067172,-0.24619,0.25224,0.34743,0.055866,-0.30039,-0.31953
-0.22277,-0.22682,-0.18075,-0.35045,-0.49552,0.32103,-0.079899,-0.0089407,0.21052,-0.040201,0.089335,0.1132,0.3499,0.1546,0.41214,-0.073835
0.20287,-0.41227,0.19208,-0.082166,-0.14865,-0.17823,0.1449,-0.055105,-0.10296,-0.22103,-0.084222,-0.19496,0.67421,0.02208,-0.3176,0.082876
0.15934,-0.20985,0.36002,0.062906,-0.2674,-0.32672,-0.25004,-0.079992,-0.42246,0.11725,0.024823,0.39592,0.36385,-0.099242,0.092653,-0.22233
0.0013743,-0.32687,-0.082922,-0.23047,-0.25122,0.0032439,0.12358,-0.20848,-0.057717,-0.151,0.13059,0.24565,0.3278,0.21481,0.62776,0.24515
-0.31424,0.18691,0.28565,-0.005045,-0.15657,-0.11053,0.35262,-0.063112,0.349,-0.01027,-0.1645,0.22756,0.23432,-0.053696,-0.26453,-0.53956
0.091578,-0.41207,0.1399,-0.68402,-0.30409,0.096201,0.25807,-0.19406,0.14703,0.055669,-0.0085156,0.041661,-0.1101,-0.14215,0.11972,0.2349
-0.2406,-0.11604,-0.45359,0.1109,-0.34818,0.29946,0.10295,-0.066391,-0.13336,-0.12427,0.18161,-0.10011,0.35274,0.12073,0.23291,-0.46391
0.13472,-0.70741,-0.0033216,0.063735,0.21985,-0.20924,0.29905,-0.13641,0.24716,0.098809,0.088993,0.1463,-0.14927,-0.26142,-0.070129,-0.28545
-0.4675,0.28588,0.39529,0.02875,-0.3296,0.038597,0.27297,0.13101,0.080354,-0.0042031,0.013889,0.4761,0.082867,0.069883,-0.29798,-0.08338
-0.031093,-0.3705,-0.41185,0.25663,-0.25664,0.10785,0.21787,0.021157,-0.020025,-0.067811,0.16006,0.012642,0.49434,0.14949,0.43426,-0.12163
0.44724,0.44726,-0.24077,-0.27325,-0.020257,-0.077228,0.20413,0.071478,-0.06785,0.25069,-0.3264,0.39009,0.066054,0.086727,0.27192,0.046539
0.5427,0.37907,-0.10934,-0.11531,-0.017887,0.1263,0.43284,0.21762,0.13765,-0.061145,-0.16678,0.35971,-0.19865,-0.049849,0.23306,-0.096863
-0.11283,-0.18709,-0.082138,-0.60036,-0.598,0.30554,-0.001121,-0.0075753,0.10137,0.15229,-0.18385,0.050862,-0.0003383,-0.10298,0.16033,-0.16707
-0.16945,-0.39932,-0.28838,-0.4035,-0.25856,0.16396,0.21337,-0.044897,0.35194,0.18542,0.1728,0.0063376,0.28341,0.098646,0.28075,0.25993
0.25225,-0.56659,0.22917,-0.02373,-0.12645,-0.32424,0.094058,0.032148,0.012868,-0.25402,-0.0070924,0.212,0.44261,0.26837,-0.19408,0.12647
0.43558,0.23923,0.023994,-0.035175,-0.054334,0.089288,0.1587,0.033762,0.22871,-0.027917,-0.62023,0.17988,-0.083333,0.0228,0.34283,0.34474
0.0091901,-0.30968,-0.33174,0.24391,-0.47313,0.1399,0.1121,0.057149,-0.027029,0.046486,0.015347,-0.17663,-0.1221,0.048349,0.49901,-0.41789
0.35661,0.041919,0.23759,-0.029423,0.017953,0.41551,0.32836,-0.064029,-0.14012,-0.05005,-0.33094,0.27515,-0.30032,0.41906,-0.23584,0.0086728
0.029887,-0.54744,0.025357,-0.28511,0.027352,-0.11632,0.045575,-0.22548,0.08583,-0.25712,0.45768,0.21546,0.24881,0.043093,0.34777,0.19028
0.35431,0.0090968,0.26989,-0.10572,-0.020356,0.26222,0.28974,-0.066098,-0.22378,0.12252,-0.51012,-0.032343,-0.28647,0.46022,0.032497,-0.10765
0.49687,0.22939,0.09012,0.015329,-0.058552,0.38142,0.25539,0.30576,-0.22443,-0.36595,-0.099133,0.1096,-0.087979,-0.21874,0.20252,0.286
0.019503,-0.32084,-0.19891,0.11831,-0.11537,0.010263,0.21832,-0.059028,0.057177,-0.069743,-0.038299,0.53811,0.52702,0.29346,0.3393,-0.019623
-0.0018014,-0.19779,-0.041611,-0.46809,-0.63059,0.17393,0.12811,-0.22905,0.099109,-0.094115,0.018433,-0.063703,-0.44601,-0.14209,0.001329,0.032804
-0.052714,-0.29886,-0.38774,0.32454,-0.28981,0.15277,0.13446,-0.13874,0.013733,-0.0078286,0.1276,0.40043,0.29854,0.16531,0.39541,-0.24063
0.36393,0.081334,0.20529,-0.14534,-0.075697,0.39836,0.32981,-0.029694,-0.34443,0.23117,-0.29705,0.091973,-0.22369,0.32736,-0.12348,0.28701
0.23713,-0.52302,0.26846,-0.24587,-0.30815,-0.22409,0.026802,-0.27282,-0.13848,-0.033365,0.054573,-0.091359,-0.42467,-0.24985,-0.19945,0.056705
-0.18178,-0.11581,0.051105,-0.4735,-0.32538,0.18591,-0.076376,0.024727,0.28416,0.37424,-0.018686,0.33628,0.45759,0.044753,0.15458,0.10164
-0.049807,-0.27993,-0.23029,-0.11135,-0.49946,0.12482,0.1177,-0.066199,0.11022,-0.12614,0.021998,0.074044,0.45788,-0.031361,0.5597,0.1119
-0.030019,-0.55294,0.011502,-0.41229,-0.2464,-0.029529,0.07839,-0.35852,0.098749,-0.18786,0.30353,0.084191,-0.080278,-0.057142,0.04703,0.41328
-0.41719,-0.037339,-0.46605,-0.16565,-0.3722,0.47188,-0.0097893,0.054638,0.16633,0.14042,-0.2326,0.042132,0.2831,-0.10498,0.041633,-0.13951
-0.14445,-0.055997,-0.38574,0.34365,-0.70395,0.3479,0.052678,-0.10863,-0.1799,0.061908,-0.12187,-0.018978,-0.035269,0.070859,0.027266,-0.13979
-0.38149,0.27621,0.34804,0.079539,-0.053846,-0.11328,0.15682,-0.0049484,-0.047558,-0.31761,-0.2683,0.1005,0.40373,-0.12824,-0.42276,-0.25878
-0.21321,0.19111,0.30443,0.095731,-0.0089117,-0.11443,0.0026405,-0.090963,-0.1203,0.16559,0.40281,0.64439,-0.36647,-0.0074136,0.20061,-0.027237
0.44587,0.3754,-0.16172,-0.12795,-0.26071,0.092314,0.29305,0.095715,0.1939,-0.21339,0.13827,0.35348,0.060766,-0.42638,-0.14455,-0.11241
-0.32008,0.064436,-0.033092,-0.48389,-0.35342,0.36028,-0.15745,0.30663,-0.11503,-0.099643,0.13896,-0.32906,0.0032935,0.34414,-0.12416,0.0050722
0.39068,0.079,0.2498,-0.040797,0.0022716,0.39065,0.44953,0.15268,-0.37806,0.03639,-0.29731,0.065845,0.022382,0.21737,-0.2472,-0.23072
0.30805,0.1035,0.048738,-0.24616,0.21149,0.037371,0.29672,0.014811,-0.082728,0.48184,-0.46973,0.029369,-0.16676,0.29538,0.22581,0.26544
-0.38485,0.14722,0.033228,0.066735,-0.11041,0.21848,-0.044086,0.12601,-0.57002,-0.48899,-0.1979,-0.24532,0.14399,-0.12668,-0.17274,-0.13003
-0.22667,-0.056239,0.10305,-0.4445,-0.024574,0.1897,-0.43454,0.21586,0.46167,0.2968,0.060119,0.15114,0.093205,0.14025,-0.32566,0.05616
0.27988,-0.53043,-0.049738,0.073616,0.35151,-0.24184,0.37649,0.15516,0.21947,0.043547,0.058422,0.21335,0.42188,0.070869,0.040224,0.030673
-0.050572,-0.50631,-0.24541,-0.014741,0.15429,0.052003,0.26024,0.029908,0.28959,-0.047323,0.10351,0.28618,0.49305,0.1129,0.32992,0.20519
0.23362,-0.47918,0.37615,-0.046013,-0.43526,-0.40404,-0.093068,-0.16088,-0.24765,-0.14956,-0.12048,-0.065965,0.23907,0.095439,0.055657,0.11416
-0.28642,-0.22667,-0.12035,-0.47501,-0.46928,0.32734,-0.058726,-0.14706,0.22671,0.29299,-0.13649,0.026927,0.077508,-0.030494,0.33146,0.024846
0.20949,-0.24987,0.40023,0.0059563,-0.04262,-0.38472,-0.14458,-0.20706,-0.43827,-0.10013,0.076663,0.30275,0.42735,-0.18222,0.0082238,0.065734
0.050281,-0.3284,-0.0089097,-0.39025,-0.49237,0.25106,0.17007,-0.030972,0.19753,-0.1551,-0.29505,0.41417,0.065361,-0.025649,0.0097709,-0.27425
0.30948,-0.48782,0.26174,0.036864,-0.4922,-0.22652,0.1048,-0.037586,-0.0037642,0.032625,-0.033273,0.40089,0.31505,0.13596,0.098355,-0.010448
-0.32041,0.23224,0.39721,0.035025,-0.36963,-0.051754,0.25785,0.00085882,0.43577,0.07259,-0.022878,-0.23477,0.054922,-0.22928,-0.31961,-0.26471
-0.10793,-0.53562,-0.12604,-0.36674,0.0085233,0.11892,0.13946,-0.10055,0.36656,-0.0277,0.30505,0.14695,0.37057,0.055009,0.31429,0.13566
-0.18938,-0.4707,-0.44884,0.050389,-0.51567,0.24031,0.13336,0.064043,0.069894,-0.070908,-0.051467,0.011983,0.17786,0.12201,0.14039,-0.33778
-0.34518,-0.19023,-0.18241,-0.3129,-0.35735,0.28118,-0.12201,0.01281,0.26874,0.013969,-0.019832,0.16652,0.46446,0.09784,0.40342,0.055608
-0.14606,-0.093546,-0.4146,0.1391,-0.63067,0.32641,0.035538,-0.07094,0.044006,-0.071346,-0.0031425,0.15117,0.21136,0.057487,0.32218,-0.29398
-0.2922,-0.28684,-0.12144,-0.42014,-0.38231,0.32211,-0.3969,-0.016683,0.3747,-0.079843,0.20584,0.01788,0.14191,0.11373,-0.03211,0.098887
0.33912,0.14149,0.46061,0.14554,0.057317,0.58115,-0.10942,-0.31458,0.066714,0.058744,-0.21203,-0.12735,-0.074887,0.025893,-0.18512,0.26469
0.14912,-0.39106,-0.010545,0.57758,-0.32634,-0.21037,-0.1856,0.36333,0.043054,-0.046534,0.012184,0.1897,0.10704,-0.085256,0.31155,-0.13408
0.2521,0.4144,-0.18707,-0.34086,-0.35664,-0.26329,-0.13754,0.19809,0.13588,0.41785,-0.25662,0.1077,-0.21226,0.073877,0.17932,-0.075303
-0.38845,0.15643,0.14322,-0.19383,-0.39619,0.20047,-0.3256,0.47235,-0.17599,-0.072177,-0.1315,0.30185,0.085244,-0.027919,0.1556,-0.25186
-0.10671,-0.36231,-0.22885,-0.033998,-0.65682,0.32812,0.038974,-0.073836,-0.068305,-0.13201,0.063082,0.24999,0.27284,-0.036752,0.30416,0.029985
-0.36072,0.090789,-0.27054,0.23185,-0.17564,0.20526,-0.032539,-0.3649,-0.21341,0.25389,0.10406,0.5586,-0.061057,0.092375,-0.11273,-0.26395
0.078684,-0.29753,0.26449,-0.31948,-0.28391,-0.1403,-0.065808,-0.47338,-0.12715,-0.2243,0.16908,-0.26448,-0.099972,-0.098176,-0.21277,0.41789
0.13462,-0.43414,0.27513,-0.35143,-0.26072,-0.093771,0.03473,-0.47037,-0.15408,-0.042046,0.12677,0.085086,0.12539,-0.069039,-0.3626,0.30691
0.27285,-0.23575,0.43989,0.015413,-0.059952,-0.37631,-0.099876,-0.18412,-0.30834,0.14141,0.029576,0.08913,-0.14929,-0.33907,-0.47525,-0.01219
0.26586,0.34004,-0.16024,-0.45758,-0.14203,-0.15449,-0.0015293,0.22176,0.058007,0.6793,-0.015074,-0.068741,-0.081188,0.082886,0.038907,0.025866
-0.42793,0.053571,-0.067324,-0.035139,-0.0080144,0.25501,-0.15248,0.18558,-0.54388,-0.2814,0.12702,0.22887,0.31205,0.094222,-0.36709,-0.030711
-0.32155,0.023152,-0.56149,0.30667,0.071156,0.34826,0.22706,-0.098312,0.20111,-0.0067391,0.26657,-0.14399,0.1514,-0.28378,-0.19456,-0.15995
0.098761,-0.33285,0.13126,-0.30215,0.010731,-0.096816,0.1252,-0.19696,0.13115,0.18312,-0.070736,-0.19667,-0.63745,-0.35915,-0.081672,-0.26563
-0.1217,-0.31825,0.14942,-0.62987,0.20245,0.065906,-0.1462,-0.29644,0.37452,0.11761,0.19274,-0.0023207,0.10128,-0.039858,0.0024216,0.32735
0.030207,-0.53477,-0.15967,-0.29602,-0.23081,0.05111,0.17766,-0.12138,0.2502,-0.11929,-0.0028841,0.029635,0.47881,0.082394,0.35758,-0.237
0.30404,0.0034717,0.53257,0.17958,-0.06301,0.53946,-0.18334,-0.14571,-0.074262,0.15689,0.15224,-0.11923,0.23054,-0.096442,0.084144,-0.32371
-0.38476,0.23437,0.24808,0.03688,-0.25368,0.1131,-0.18725,-0.036934,0.030395,0.22796,0.097568,0.35034,-0.064561,-0.13795,-0.12433,-0.62988
-0.26247,-0.45784,-0.29497,-0.044318,-0.22099,0.24082,0.055825,-0.2569,0.27677,-0.13054,-0.1439,0.25731,0.36554,0.16084,0.33273,-0.076299
0.22717,-0.43454,0.3207,-0.077414,-0.43739,-0.30544,0.078921,-0.14571,-0.37523,-0.12529,-0.15141,0.2748,0.050784,-0.041648,0.2248,-0.16993
0.22891,-0.33819,0.41414,-0.043473,-0.32947,-0.25151,-0.048769,-0.33607,-0.41653,-0.10842,0.015202,-0.28772,-0.1318,0.012424,-0.28647,-0.069549
-0.085549,-0.56179,-0.26852,-0.13161,-0.43245,0.29025,0.18957,0.016215,0.20395,0.1208,-0.16068,-0.020524,0.31799,-0.0084146,0.31062,0.010018
0.42706,0.16616,0.41315,0.17675,-0.1269,0.63367,0.021182,-0.12211,0.016256,-0.07529,-0.27004,0.1534,0.13079,-0.074279,0.10007,0.14161
0.28042,0.24364,-0.069549,0.15714,-0.16143,0.037487,-0.12898,-0.047026,0.42098,-0.41803,-0.26704,0.21007,-0.29976,-0.37311,0.098196,0.2829
-0.1182,-0.3386,-0.54684,0.25836,-0.38237,0.23408,0.1774,-0.094215,0.060789,-0.066614,-0.22591,-0.016875,0.12302,0.014002,0.3769,-0.21774
0.094589,0.36054,-0.19513,-0.4349,-0.31448,-0.25857,-0.17956,0.0869,0.074169,0.60108,-0.045564,-0.078954,0.15765,-0.04811,-0.078446,-0.14098
0.1053,-0.28342,-0.18422,0.087996,-0.65597,0.20644,0.26597,0.15399,0.092621,0.18044,-0.17566,0.088649,0.071499,-0.33743,0.21537,-0.23308
0.33848,0.36001,-0.17518,-0.28359,-0.49478,0.055168,0.10227,0.30176,-0.22225,0.17629,0.30808,-0.30744,0.14913,0.0075057,-0.017459,0.053275
0.30388,0.3937,-0.070202,0.045683,-0.21477,0.10881,-0.060172,0.088193,0.23602,-0.024958,-0.44931,0.32741,-0.18537,-0.25356,-0.041937,0.45877
0.20132,-0.28222,0.10519,0.59234,-0.085466,-0.30827,-0.18862,0.43552,0.1105,0.01934,0.11142,0.038792,0.28402,0.075916,0.2637,-0.088491
0.037035,-0.30632,-0.30296,-0.003147,-0.52023,0.19605,0.018623,0.1997,0.09581,0.024725,-0.12395,-0.25239,-0.31389,-0.12337,-0.021228,-0.51054
0.53897,0.27999,0.028958,-0.099038,-0.11579,0.24508,0.34098,0.099751,0.10697,-0.010615,-0.25192,0.25619,-0.092355,0.32514,0.27217,0.303
0.36186,0.10945,0.45188,0.10274,0.14699,0.65007,0.16152,-0.30346,-0.13081,0.060126,-0.11775,-0.041803,-0.1217,0.13244,-0.081509,-0.067949
0.028475,-0.50556,-0.22859,-0.24877,-0.67572,0.15361,0.17243,-0.045939,-0.057993,0.095091,0.036411,-0.13984,-0.06113,-0.27537,0.036758,-0.056714
0.30985,0.12449,0.33798,-0.016367,-0.20254,0.60119,0.16387,-0.13016,-0.41548,0.12247,-0.027847,-0.18218,0.10377,0.29129,0.070942,-0.074176
0.25334,0.35769,-0.16766,-0.054304,-0.11887,-0.098504,0.037009,0.06262,-0.15614,0.38095,-0.46614,0.091797,0.24127,-0.38216,0.14118,0.35816
-0.26549,-0.046038,0.10654,-0.44715,-0.4124,0.26358,-0.392,0.24036,0.28651,0.20931,0.13546,0.28036,-0.055585,0.1133,-0.13362,0.092147
-0.2363,-0.42716,-0.35856,0.18408,-0.44695,0.3308,0.053994,-0.21054,0.27098,-0.03917,-0.23777,0.1269,-0.028641,0.13382,0.25221,0.11341
0.079701,0.05879,0.25804,0.13435,-0.025052,0.26794,-0.46929,-0.43824,0.23595,0.37628,0.33867,-0.19022,0.15038,-0.0683,0.21193,0.022808
-0.00074277,-0.40826,-0.10516,-0.032779,-0.65705,0.10529,0.07458,-0.039521,-0.015314,-0.3249,0.11068,0.010634,0.28868,0.16743,0.37638,-0.0088589
0.090444,-0.22768,-0.20247,0.59383,-0.049317,-0.064111,0.086544,0.27131,0.34674,0.064419,0.035826,0.36937,0.32596,0.28252,0.10229,-0.0088578
0.091708,0.061752,0.30438,0.14236,-0.090893,0.32536,-0.49424,-0.48009,0.089131,0.41138,0.22162,-0.17898,0.13369,-0.020459,0.094907,-0.018817
0.29091,0.1522,0.10742,0.15897,-0.13968,0.27475,-0.1212,0.11764,0.3004,-0.58203,-0.27785,0.20696,-0.054952,-0.40558,-0.00042032,0.12383
0.14751,-0.32853,0.32375,-0.26484,-0.21781,-0.28323,0.050867,-0.30696,-0.11587,0.030998,0.011634,0.048279,-0.1575,-0.19918,-0.61112,-0.12682
-0.072328,-0.47697,-0.35306,-0.20448,-0.50461,0.22779,0.22089,0.029119,0.08892,0.038133,-0.14938,0.037368,0.16328,-0.086994,0.41994,-0.031433
0.16884,-0.23147,-0.22302,0.74965,-0.25528,-0.053431,-0.0019674,0.30248,0.040406,0.067724,-0.10855,0.14923,0.13128,0.093881,0.27585,-0.065315
-0.03163,-0.59993,-0.058733,-0.4672,0.043336,0.0024199,0.11859,-0.30556,0.37137,-0.21389,0.14456,-0.12451,-0.18602,-0.22023,-0.016209,-0.067944
-0.39269,0.23288,0.35673,-0.050491,-0.26285,0.0017767,0.18766,0.12113,0.29165,0.010292,-0.034597,0.21649,0.33952,0.18047,-0.25821,0.44162
0.052295,-0.42858,0.16824,-0.47349,0.036864,-0.088156,0.074528,-0.34269,-0.094855,0.12285,0.23698,-0.17268,-0.26536,-0.24477,-0.41265,0.13522
0.20642,-0.19418,0.35218,0.32996,-0.30845,-0.28017,-0.34078,0.13885,-0.12812,0.1647,-0.061148,0.14428,0.3727,-0.19186,0.18105,-0.31802
0.48795,0.34464,0.032484,-0.17297,-0.36508,0.33429,0.40181,0.27398,-0.068376,-0.011839,-0.25424,0.1435,-0.11682,0.08359,0.043786,0.13424
0.17876,0.3413,-0.33048,-0.00093845,-0.13053,-0.30359,-0.12917,-0.050485,0.14729,0.067923,-0.43379,0.17407,-0.2404,-0.46636,-0.072378,0.29765
0.45555,0.3277,-0.10437,-0.23553,-0.40178,0.21974,0.35877,0.23716,-0.01159,0.043129,-0.21205,0.27515,-0.20377,-0.090235,0.22192,0.049659
