0.083009,0.41588,-0.21945,0.43218,-0.25083,0.47578,-0.01254,-0.206,-0.18775,0.27266,0.35108,0.076905,-0.12073
0.48722,-0.086645,-0.13939,-0.024415,-0.25287,-0.25786,-0.14773,0.29194,0.041773,-0.26913,0.41078,-0.47364,-0.17419
0.29609,0.15617,0.25556,0.15091,-0.29517,-0.47176,0.24844,-0.22052,-0.058801,0.051756,-0.45913,0.29549,0.2749
0.39448,-0.361,-0.064601,0.19012,-0.11826,0.039327,0.39065,0.4752,0.2976,0.031099,0.17257,-0.23073,0.32747
0.10027,0.063794,0.39047,-0.2764,-0.54832,0.28417,-0.032216,0.034047,-0.34859,0.28108,-0.16975,-0.31166,0.21666
-0.33065,0.34828,-0.50852,-0.47266,0.047061,0.30342,0.088321,0.14522,-0.19251,0.0012095,0.25226,-0.15557,-0.19825
0.096965,0.31877,0.1288,0.063887,0.16798,0.68906,0.012229,0.42043,0.36007,-0.22295,-0.092042,-0.019652,-0.012828
0.12216,-0.096354,0.21547,-0.41144,-0.15413,0.41046,-0.63126,0.065468,0.18324,-0.10457,-0.29861,-0.13809,-0.111
0.21827,-0.044462,0.025081,0.27287,-0.51505,-0.3187,-0.26366,0.29702,-0.17525,-0.19397,-0.17653,-0.49915,0.045334
0.25109,-0.38224,-0.19813,-0.10622,-0.4437,0.18575,-0.42867,0.0043767,-0.17186,0.02804,0.42268,-0.20643,0.27124
0.50708,-0.21185,0.05231,0.080183,-0.098397,-0.22883,0.25341,-0.49562,-0.095504,0.055685,0.10947,-0.074408,0.53589
0.26608,-0.24622,-0.032412,-0.092551,0.06058,0.2175,-0.42107,0.34727,0.0069799,0.39686,0.50297,-0.083285,0.30435
-0.22112,0.17647,-0.35929,0.17054,-0.3867,-0.097572,-0.2131,-0.23289,-0.096938,0.55636,-0.30423,0.29891,0.047305
-0.092795,-0.10202,-0.46741,-0.42299,-0.0954,0.057279,0.3454,-0.58155,-0.24391,-0.00040608,-0.13345,0.14537,-0.12355
-0.36858,-0.34238,0.15147,0.21003,-0.35178,0.041999,-0.011397,0.018565,0.09799,-0.42541,0.16026,0.54964,-0.18848
-0.18906,0.11317,0.11256,-0.048073,-0.3182,0.16899,0.24874,0.71014,-0.27607,-0.40009,-0.01041,-0.056553,0.029858
0.1958,0.016553,0.43153,-0.15634,-0.042302,0.24505,-0.05395,-0.24532,-0.58461,0.22737,-0.27766,-0.25976,0.29626
-0.078503,-0.23953,0.7524,0.15838,-0.37011,-0.18683,0.14062,-0.24561,0.17284,-0.013544,0.059327,0.042797,0.24058
0.1081,-0.38523,-0.1388,0.24775,-0.35392,-0.53268,-0.072023,0.17382,-0.025557,0.13528,-0.36514,0.19888,0.35075
-0.1039,-0.67793,-0.007665,0.090715,-0.055516,-0.2317,0.36284,-0.24965,0.11653,0.3345,-0.028197,-0.36149,-0.11683
0.1259,0.28179,-0.028248,-0.039795,-0.096807,-0.57335,-0.32226,-0.065192,-0.47394,-0.063093,-0.40222,-0.24383,-0.079563
0.36557,0.063744,0.28321,0.10588,-0.27141,-0.35339,0.35378,-0.39823,0.20492,-0.047858,-0.33393,0.36378,0.021205
0.1672,0.31091,0.044139,0.27381,-0.10229,0.72128,0.31186,0.099094,-0.20478,0.00058124,-0.25759,-0.22633,-0.03411
0.53885,0.1942,0.431,-0.19313,-0.094445,-0.18138,-0.19811,-0.54739,0.1154,-0.051456,0.0076224,0.16453,-0.15836
0.044265,-0.40675,0.23929,0.0071784,-0.56727,-0.038237,0.25772,0.33,0.11488,0.41386,-0.015748,-0.18022,0.24393
-0.053757,0.15763,-0.26395,0.52293,-0.36148,-0.022077,-0.18639,0.064744,0.39497,0.38329,-0.22247,-0.02554,0.32557
-0.19216,-0.51577,-0.049227,-0.092087,0.051749,0.025879,0.020843,-0.25782,-0.29377,0.57952,-0.16537,0.27314,-0.30298
0.49123,0.23889,0.15101,-0.052491,-0.20092,-0.036072,0.10426,-0.44847,0.087673,-0.26688,0.27541,0.46503,-0.22668
-0.33589,0.028532,0.24417,-0.28391,-0.22203,0.16336,0.050473,0.064498,-0.538,-0.18721,0.040574,-0.25896,-0.51985
-0.028863,-0.41248,0.07835,0.18825,0.32243,-0.21189,0.31758,0.2537,0.19061,0.54992,-0.082232,0.22825,-0.27527
0.57901,0.37545,-0.20954,-0.16642,-0.082323,-0.46645,0.1862,-0.1007,0.028783,-0.052577,0.42035,0.028912,-0.043561
0.35014,0.10427,0.14533,0.11361,-0.54445,-0.28688,-0.2188,0.027077,-0.22495,-0.068689,-0.36934,0.4373,0.149
0.049061,0.21018,-0.17471,-0.30827,-0.17323,0.0021546,0.017387,-0.13242,0.5562,-0.11294,-0.51136,-0.43077,-0.10416
-0.0067022,-0.40088,-0.60188,0.11391,-0.2763,0.036343,-0.16971,-0.23751,-0.41003,-0.0074002,-0.040666,0.18934,0.30897
0.36891,0.22304,0.36854,-0.031024,-0.064038,-0.22544,0.085437,-0.52584,0.18412,-0.1259,-0.14212,0.46349,-0.2321
-0.29659,0.16024,0.22025,0.34146,-0.45763,-0.19224,0.01608,0.54291,-0.17358,0.056389,0.25169,-0.23622,-0.16557
0.35817,-0.47429,-0.27084,0.13194,-0.27983,-0.054459,0.17663,0.13676,0.18072,-0.041187,0.36036,-0.23206,0.45471
0.19995,0.23903,0.20629,-0.18176,-0.36298,0.38073,-0.2171,0.069018,-0.63379,0.10996,-0.25847,-0.097582,-0.092633
0.20329,0.30475,0.14343,0.11573,-0.16547,0.15925,0.084239,0.61335,-0.42159,-0.40488,-0.13944,0.095832,-0.15967
0.14376,0.1056,0.51061,-0.45532,-0.22546,0.032985,-0.087266,-0.43052,-0.13051,0.28427,0.23221,-0.30493,-0.10252
0.18479,-0.28931,0.63729,0.040391,-0.21362,0.26838,-0.34204,-0.0013487,-0.35133,-0.0088528,-0.22683,-0.22866,0.11173
0.61356,0.15298,0.13505,-0.093591,-0.21876,-0.2663,0.039472,-0.20785,0.22275,-0.30591,0.33929,0.38384,-0.062986
0.55847,0.14857,-0.38363,-0.029561,-0.057739,-0.22462,0.13109,0.42701,0.39739,-0.046253,0.25075,-0.061337,-0.19492
0.057605,-0.40189,-0.53941,-0.1929,-0.050144,-0.12872,-0.39943,0.17892,-0.15213,-0.47157,-0.21605,0.016786,0.062212
0.094775,-0.26993,0.23559,0.50877,0.29107,0.076759,-0.075055,0.53103,0.12285,-0.012651,0.40959,-0.11079,-0.17401
0.45897,0.29449,-0.084975,-0.12984,0.037163,0.32602,0.3705,-0.15494,0.59919,-0.071702,0.0023497,-0.16421,0.1359
0.38321,0.23566,0.29738,-0.28651,-0.54602,-0.17341,-0.28242,-0.26975,-0.28263,0.19226,0.082336,0.14746,0.031546
0.5447,0.32409,0.37395,-0.08498,-0.13835,-0.34363,0.058296,-0.23997,-0.15313,0.13064,-0.36913,0.26984,-0.0584
0.41337,0.25859,0.15808,-0.087937,0.005304,0.1131,0.28908,-0.28279,0.55847,-0.18699,0.22249,0.33897,-0.20476
-0.11783,0.32528,-0.32103,-0.37714,-0.32401,-0.2138,-0.094721,0.22704,0.3896,0.20766,-0.22494,-0.35473,-0.22903
-0.27121,-0.13165,0.31633,-0.18601,-0.42399,0.20423,0.060214,0.28288,0.069384,0.34649,0.53961,0.11962,-0.19738
-0.08849,0.057193,-0.10426,0.49744,-0.16077,-0.28087,-0.47949,-0.12093,0.11984,0.13522,-0.42907,-0.035728,-0.40409
-0.028748,-0.19796,0.13993,-0.12756,-0.39519,0.07745,0.12373,0.60301,0.18084,0.40955,0.36617,-0.15858,0.15288
0.12302,0.26255,0.44359,-0.54471,-0.046611,-0.11357,-0.022413,-0.012039,0.041002,0.50502,-0.28834,-0.24927,-0.06874
-0.034377,-0.10827,0.14886,-0.16874,0.10596,0.52483,-0.31006,0.17123,-0.39027,0.34473,0.35336,0.1492,0.32566
-0.00765,0.26835,-0.024271,-0.083203,-0.15471,-0.34918,-0.62913,0.30891,0.056445,0.36963,-0.067352,-0.24425,-0.28163
0.017107,0.098794,0.41668,0.14737,-0.46583,-0.081445,0.43395,0.15665,0.016574,0.0031889,-0.012249,-0.24782,-0.5443
-0.083386,-0.12013,-0.40359,0.042339,-0.17524,0.66908,0.31542,-0.16051,0.11489,-0.22777,-0.31305,0.18777,-0.10937
-0.26506,-0.27364,-0.29309,-0.3861,-0.2208,0.38262,0.22183,-0.19574,0.14064,-0.11681,-0.19971,0.49199,-0.14782
-0.3866,-0.088362,0.22949,0.014031,-0.48987,0.12255,0.032211,0.14095,0.17448,0.21647,0.62054,0.21449,-0.074717
-0.18132,-0.066451,0.34822,0.097109,-0.29509,0.26418,-0.40268,0.31741,-0.23058,-0.39766,0.26182,-0.026146,0.36293
-0.17899,-0.014166,-0.35036,-0.31407,-0.14866,0.57607,0.26357,-0.24527,0.061351,-0.087744,-0.27492,0.3693,-0.1984
0.3225,-0.16425,-0.0841,0.14195,-0.13373,0.50736,0.33421,0.058898,-0.49072,-0.22757,-0.30323,0.19836,-0.16564
0.01022,0.15716,0.20216,-0.16778,-0.05585,0.61196,0.11125,0.20957,0.43029,-0.33774,-0.24394,-0.25197,0.22374
-0.040456,0.25152,-0.21669,-0.49214,0.030046,0.47878,0.079748,0.083376,0.10264,0.067297,-0.55179,-0.0071594,0.28795
0.12203,0.060738,-0.048642,-0.445,0.11321,0.025658,-0.096737,0.41578,0.12788,0.45231,-0.52733,0.22212,0.19228
-0.31765,-0.021527,0.46236,-0.28469,-0.49991,-0.041306,-0.26365,0.12218,0.27323,0.24647,0.22307,-0.018378,0.28681
-0.0091861,-0.62158,-0.12832,-0.094358,-0.14127,-0.11696,0.33394,0.32332,0.1216,0.33701,-0.36267,0.11278,-0.25667
0.12122,-0.28349,-0.13618,-0.17884,-0.47924,0.24151,-0.61467,-0.23269,-0.13306,-0.23051,0.18134,-0.034901,0.17176
0.073109,-0.023776,-0.2375,-0.50874,-0.17695,0.70152,0.0022741,0.046587,-0.23031,0.27819,-0.054725,0.078316,0.11699
-0.051831,-0.22276,-0.16248,0.0065805,0.0095481,-0.52492,-0.36405,0.30557,-0.21969,0.39449,-0.28417,0.044401,-0.36482
0.52027,-0.34299,-0.072115,0.092933,-0.3249,-0.044506,0.12021,0.35944,0.27212,0.10791,0.49676,0.055608,-0.10529
0.53123,-0.30166,-0.073972,0.062312,-0.3757,-0.2339,-0.064804,0.0098403,-0.076015,-0.014771,0.063892,-0.11792,0.62714
-0.046685,0.14098,0.30278,0.25143,-0.13694,0.6123,0.30902,0.35816,-0.167,-0.070533,0.35571,-0.087413,-0.19642
0.55212,0.19414,-0.21391,-0.10365,-0.29408,-0.20666,-0.1063,0.25458,0.21865,0.090286,0.4052,0.40904,0.090596
-0.10451,0.049247,0.12527,-0.54044,-0.34518,0.14372,-0.54217,-0.02266,0.022107,0.46595,0.081748,-0.065952,0.12645
0.0054492,0.26357,0.15123,0.12037,-0.33654,0.52761,0.4658,0.20099,-0.059069,-0.31433,0.16032,-0.15023,0.3059
-0.34119,-0.11459,0.2433,-0.20624,-0.62581,0.085478,-0.24806,-0.065783,0.05592,0.15234,0.42967,0.13408,0.27386
0.15297,0.15782,0.13543,-0.16005,-0.29942,0.50283,-0.35465,-0.029809,-0.57822,-0.049786,-0.30885,0.068556,-0.040888
-0.28093,-0.04232,0.42552,0.085267,-0.080665,-0.0013461,-0.020541,0.35234,0.50589,-0.55295,0.095883,-0.01661,0.16948
-0.25978,0.44648,0.23217,-0.083828,-0.27161,0.28718,-0.0054506,0.24019,-0.26644,0.15451,-0.004257,-0.10692,0.59326
-0.38929,-0.018893,0.56818,-0.22208,-0.026406,0.21703,-0.41927,0.16437,-0.053668,-0.22507,-0.11557,-0.089108,0.38794
0.23634,-0.21104,-0.38282,-0.20413,-0.48696,-0.018733,-0.16106,-0.2844,-0.29045,-0.32905,0.092344,-0.33674,0.22918
-0.20887,0.39981,-0.063063,-0.065964,-0.0043647,-0.21394,-0.18622,0.53292,0.008521,-0.033447,-0.55527,-0.26067,0.21507
0.064486,-0.094872,-0.022411,-0.36599,-0.2593,0.12035,-0.55076,-0.12214,-0.00036845,-0.39411,-0.17033,-0.41342,0.31171
-0.33926,-0.10861,-0.04882,-0.14937,0.045964,-0.339,0.0036802,0.15862,0.13246,-0.13424,-0.065266,0.71754,0.38925
0.30957,0.58416,-0.1007,-0.41472,-0.12085,0.04551,-0.22229,0.090837,0.21722,0.083665,-0.21209,0.44041,-0.11542
0.2244,-0.35474,-0.19216,0.14888,-0.55022,-0.11036,0.54205,0.11479,0.16865,0.067709,0.16267,-0.28411,0.05087
0.27887,-0.42708,0.345,0.16784,0.14985,-0.32238,0.29272,0.25059,0.018232,-0.15171,-0.10613,-0.46821,-0.25287
-0.50693,0.063315,-0.31909,-0.37568,-0.24926,-0.15153,-0.012056,0.18844,0.11386,-0.36088,-0.11592,0.43852,0.16242
0.048213,-0.30072,-0.15432,-0.29508,-0.0088122,-0.53297,-0.45732,0.40928,-0.063326,0.27907,0.18428,-0.13057,-0.051629
0.20653,-0.35195,-0.54486,0.055922,-0.10582,0.098074,-0.10558,-0.30898,-0.26079,-0.29598,0.031137,-0.045772,0.49735
-0.32774,0.043563,-0.34907,0.18974,-0.19961,-0.13412,-0.037614,-0.28734,0.18689,-0.10641,-0.0037776,-0.53665,-0.50672
0.23212,-0.32129,-0.15071,-0.030284,-0.10546,0.27446,-0.49164,-0.16255,-0.36261,-0.49587,-0.092542,-0.24096,0.1438
0.31803,-0.38048,-0.51981,0.13384,0.046861,-0.20656,-0.061085,0.17122,-0.11218,-0.077648,0.35252,-0.11076,0.48262
-0.35063,-0.19548,0.033961,-0.25774,-0.17723,-0.20494,-0.26138,-0.27507,-0.14048,-0.10101,0.71762,0.084872,0.041846
-0.20399,0.34042,-0.25696,0.041596,-0.22203,-0.23774,-0.57902,0.28686,-0.20577,-0.39982,-0.18485,-0.088796,0.084382
-0.11834,0.39239,-0.32761,-0.17612,-0.050746,-0.23588,-0.26926,-0.071201,0.30776,0.091694,-0.1011,-0.66603,-0.03091
-0.37792,-0.2407,0.3257,0.07617,-0.20683,-0.039026,0.36989,-0.36121,-0.5004,0.042182,0.04811,-0.23582,-0.25625
0.35229,-0.42882,-0.44948,-0.004992,-0.42722,-0.18175,-0.042113,0.18281,-0.12643,-0.097492,0.20148,-0.063426,0.41121
-0.4159,-0.19378,0.569,0.18799,-0.14119,-0.12627,-0.23583,-0.23414,0.1813,-0.33464,0.22234,-0.11448,0.27688
-0.22086,-0.10662,-0.16544,0.26435,-0.0074639,-0.3587,-0.28605,-0.1484,-0.35484,-0.43094,0.02349,-0.26324,-0.47808
-0.2369,0.2866,-0.51721,-0.2661,-0.090594,-0.12705,-0.14755,-0.13429,-0.60597,-0.091275,-0.102,0.2521,-0.098896
-0.26025,0.070683,0.067309,0.034922,-0.16388,-0.029282,-0.42208,-0.46413,0.31068,-0.079275,-0.092796,-0.56929,-0.25441
-0.0028088,-0.44284,0.1845,0.24861,0.39611,-0.1764,0.17225,-0.12306,-0.37921,-0.052036,-0.56969,-0.040272,0.050293
0.2758,0.053426,0.29553,0.0034194,-0.39224,-0.10404,0.37597,-0.31499,-0.050145,0.2992,-0.4191,0.063374,-0.39596
-0.34515,-0.17428,-0.1926,-0.27682,0.0028352,-0.52351,0.0040211,-0.48255,-0.18881,0.25671,0.31616,-0.10504,-0.1315
0.071115,0.022468,0.11528,-0.39206,-0.44833,-0.14357,0.1601,-0.57237,-0.022047,-0.049701,0.16598,-0.3267,-0.33962
-0.19561,0.073463,-0.51117,0.027849,-0.26927,0.024332,-0.32238,-0.26819,0.22681,-0.36067,-0.19512,0.01332,-0.47491
0.080108,-0.22606,0.28966,0.39166,-0.18624,-0.57098,0.29631,0.15095,0.14518,0.13965,-0.24816,0.21949,-0.28906
-0.10456,0.036785,0.10512,-0.2647,-0.45072,0.020123,0.15817,-0.2844,-0.31516,0.44492,0.36886,-0.35479,-0.19476
-0.084932,0.082412,-0.20914,-0.58512,-0.28475,-0.16045,0.33172,0.15252,0.046258,-0.14725,-0.12966,0.20469,0.52653
-0.49868,-0.01901,0.10206,-0.28751,0.042901,-0.11819,0.13184,-0.26644,0.11977,0.063296,0.66804,0.11708,0.27451
0.65707,0.18911,0.24112,0.01991,-0.058143,-0.36922,-0.043903,-0.06825,0.12069,0.15869,0.49921,0.19414,-0.032021
-0.0034383,-0.55537,-0.025402,-0.3314,-0.46154,0.24531,-0.45628,-0.0070889,-0.2239,-0.13533,-0.038404,-0.16145,-0.060497
-0.2366,0.090702,0.095584,-0.53888,-0.16995,-0.24668,-0.25227,0.12363,0.32253,0.19092,-0.17453,-0.046052,0.54273
-0.11104,-0.2532,-0.040379,0.18683,-0.45654,0.097285,-0.29388,-0.095159,0.3804,0.5825,-0.24662,0.016394,-0.16913
0.47457,0.13769,-0.068896,-0.081234,-0.51583,-0.050673,0.13036,0.61865,0.069473,-0.14801,-0.08506,0.068809,0.19342
0.38816,-0.21724,-0.21451,-0.23917,-0.46678,0.21323,-0.33842,-0.31332,-0.41594,-0.081383,0.10954,-0.067994,0.16313
-0.054052,-0.05299,-0.2217,-0.39136,-0.22969,0.44921,-0.20194,-0.46923,0.14114,0.20686,0.1126,0.10095,-0.4369
0.14984,-0.4789,-0.1315,-0.071228,-0.36017,0.20587,-0.41608,-0.30986,-0.39932,-0.20559,-0.21203,-0.15708,0.11512
-0.18194,0.25663,-0.23313,0.2415,-0.36148,0.55347,0.33688,0.086076,-0.009674,0.24003,0.15461,0.32225,0.21215
-0.26028,0.042378,0.59574,-0.28169,-0.046374,-0.050158,-0.11162,-0.051282,0.044968,0.48805,0.44124,-0.18055,0.094585
0.026077,-0.37833,-0.2329,-0.0058711,-0.34674,0.074266,-0.093667,0.54132,0.55684,0.059074,0.177,-0.097614,-0.14124
-0.25275,-0.20307,-0.13466,0.1183,0.11188,0.3167,-0.31117,-0.37125,-0.031347,-0.13611,0.52411,0.39545,-0.25436
-0.30968,0.12705,-0.37857,-0.55314,0.1231,-0.0073327,0.18684,0.2347,0.30346,0.11324,-0.15587,0.44523,-0.077743
-0.41097,-0.074999,0.014548,-0.16308,-0.42487,-0.035349,0.06256,0.30988,0.14601,-0.44737,0.022818,0.3162,-0.44159
-0.35915,0.068873,-0.14447,-0.073705,-0.20159,0.51202,0.069272,-0.19072,0.64894,0.2715,-0.021089,0.024944,-0.0091648
-0.13133,0.21413,0.029381,-0.51163,0.47447,-0.089829,-0.32852,-0.13613,0.062513,-0.089046,-0.059488,-0.49069,0.24181
-0.38035,0.09176,-0.30666,-0.54665,-0.10323,0.10332,0.2475,0.2135,-0.17962,0.30782,-0.092151,0.40281,-0.16766
-0.15906,-0.0099782,-0.33252,-0.3273,-0.082566,0.14001,0.09899,0.19399,0.49347,0.051966,-0.0085329,0.6151,-0.24169
-0.38264,-0.33195,0.60442,-0.05055,-0.16915,0.011354,-0.06524,-0.31457,0.14289,0.097351,0.28934,0.035923,0.35869
0.49337,-0.26236,-0.27955,-0.10555,-0.30242,0.24689,-0.32958,-0.058615,-0.16661,-0.24161,0.096724,-0.1103,0.47576
-0.13437,0.224,-0.11713,-0.63513,-0.087011,-0.16227,-0.013902,0.48783,0.15968,-0.1864,-0.071733,0.21343,0.36283
0.45772,-0.42212,-0.0083605,0.0075161,-0.2199,0.060083,-0.31172,-0.21525,0.032192,-0.39611,-0.26811,-0.2686,0.33875
0.067731,0.26718,0.016255,0.53075,-0.12035,-0.033354,-0.46644,0.21559,0.40924,-0.073424,-0.20083,-0.35046,-0.16249
-0.00586,-0.053096,0.056172,-0.60678,-0.27413,-0.088993,-0.23861,0.27461,0.54072,0.19683,-0.19262,-0.098304,0.18031
0.46269,0.097727,0.19921,-0.11283,-0.64164,-0.13195,0.11342,0.21468,0.021111,0.056702,0.39248,0.1713,-0.221
-0.29215,0.0041836,-0.33602,-0.55491,-0.48091,0.19147,-0.077956,0.26979,0.21224,0.18672,-0.12539,0.2066,0.093169
-0.018965,0.21043,0.10716,-0.56466,-0.47776,-0.17047,0.18937,0.23316,0.028667,0.42898,-0.20782,-0.17927,-0.13163
0.041213,-0.51772,0.069563,0.0053578,-0.22509,-0.065416,0.33806,0.26704,0.013627,0.54377,0.089533,-0.12468,-0.40673
-0.14986,0.27393,0.084,-0.39023,-0.15634,-0.11427,0.0032271,0.098091,-0.58814,0.14398,0.29247,-0.13947,0.47371
0.60043,-0.26389,-0.093807,0.17454,-0.31818,-0.082158,0.14066,-0.34329,-0.012586,-0.24676,-0.12023,0.20211,0.4106
-0.22667,0.076163,0.14635,-0.081714,-0.28673,0.029938,-0.27809,0.35843,-0.085029,-0.30404,0.71998,-0.059259,-0.065245
-0.35257,-0.025379,-0.32277,-0.26692,0.0033158,-0.11075,0.19057,-0.26607,0.20733,-0.12319,-0.075326,0.71718,-0.045307
-0.23503,0.17283,-0.030863,-0.29455,-0.068444,0.08758,0.056242,-0.25004,-0.64513,0.019526,0.25199,-0.20086,0.47825
-0.064125,0.42727,-0.073018,0.12098,-0.28968,0.064863,-0.27151,0.20479,-0.14803,0.51259,-0.22122,0.04324,0.5041
0.070459,0.247,-0.34928,-0.24772,-0.39859,0.14746,0.10768,0.43076,0.096899,0.18964,-0.48983,0.054079,0.291
0.58139,-0.10563,-0.12689,-0.07106,-0.16385,0.10226,0.025128,0.46542,0.52693,-0.27,0.15159,-0.014985,-0.037029
-0.34551,-0.30005,0.26618,0.080302,-0.20215,0.043343,-0.60033,-0.12812,-0.10835,-0.26765,0.24422,0.38149,0.072042
0.33073,-0.045985,-0.079984,-0.19399,0.40561,0.17894,-0.47767,-0.41525,-0.36514,-0.0076819,-0.025185,-0.071785,0.32888
-0.022569,-0.054127,0.13978,-0.44626,-0.090053,0.036602,-0.17462,0.39233,0.13962,0.67799,0.29071,-0.1392,-0.030989
-0.30063,-0.35237,-0.081264,-0.28055,0.066136,0.45405,-0.53921,-0.096617,0.13238,-0.0013929,0.29183,0.29362,-0.025032
-0.16613,0.34961,-0.23349,-0.52389,0.05426,0.036882,0.088278,0.45835,0.25676,0.018581,-0.30772,0.034648,0.36993
0.046577,-0.39943,0.1534,-0.26655,-0.11573,0.43315,-0.51669,-0.28653,-0.25245,-0.1792,-0.034811,-0.034789,-0.30879
-0.060334,0.24484,-0.24304,-0.65028,0.095536,-0.29717,-0.1143,-0.012321,0.27874,0.012935,-0.055804,-0.4431,-0.2579
-0.08503,-0.070497,-0.033538,0.092392,-0.21222,0.50438,-0.26824,-0.22713,0.62599,-0.12927,-0.28155,-0.17611,-0.19049
0.31526,0.058062,-0.12484,-0.4434,-0.51194,-0.11461,-0.056996,-0.20246,-0.12952,0.18675,0.46859,-0.26403,0.15701
-0.3663,0.018912,0.15116,-0.66692,-0.21034,0.2041,-0.06282,-0.30345,0.28005,0.18612,0.14176,-0.095261,-0.27142
0.22386,-0.31273,-0.32423,-0.032692,0.07366,0.14821,0.39216,-0.28362,-0.18213,0.036123,0.29019,-0.30005,-0.52494
-0.30013,-0.10606,-0.31516,-0.35774,-0.14415,-0.25344,0.30757,-0.19547,0.21003,0.11702,0.10292,0.5381,-0.3092
0.38613,-0.63503,-0.30149,0.0068848,-0.18698,-0.0053747,0.19693,0.22698,0.20832,0.067499,-0.050604,-0.32253,0.27726
0.15837,0.058026,0.059084,-0.35785,0.29753,0.15653,-0.19062,-0.10168,0.35369,0.22386,-0.34922,-0.57405,-0.23151
0.65682,0.20631,-0.0095981,-0.055275,-0.18623,-0.16081,0.040774,-0.069518,0.11244,-0.2598,0.171,0.58735,-0.038624
0.59598,0.2315,0.069247,-0.10545,-0.04882,-0.10973,-0.20896,-0.22223,0.014563,-0.051023,0.32353,0.60014,-0.012861
0.043198,-0.098197,-0.20737,-0.42296,-0.26313,-0.064354,-0.32791,0.068574,-0.54069,0.33887,-0.10363,-0.084618,-0.39485
-0.28118,0.23909,-0.09351,-0.36753,-0.23767,0.24211,0.21805,0.25206,-0.10546,0.56876,-0.16048,-0.17459,0.32084
0.37632,-0.59977,-0.11351,0.18704,-0.044652,-0.17998,0.15575,0.17933,0.19799,-0.0065593,0.013295,-0.48015,0.30004
-0.18171,0.060304,0.0079046,-0.23811,-0.054389,0.14906,-0.34741,-0.37018,0.48446,-0.3238,-0.11082,-0.48854,0.18218
-0.154,0.47373,0.15623,0.11338,-0.12015,0.24472,-0.021369,0.6822,-0.044989,-0.15436,0.33989,-0.074834,0.16567
0.074557,0.03705,0.51758,0.1589,0.068146,0.11891,0.15903,-0.028135,0.25652,0.22426,0.52454,-0.19934,-0.47337
-0.073211,-0.47429,0.085835,-0.13251,-0.61305,0.085712,0.11649,0.22498,-0.003001,0.35638,0.31819,0.015049,-0.26252
0.12746,-0.55248,-0.27661,0.13207,-0.14932,-0.043796,0.50802,0.19443,0.01651,0.46217,0.1179,-0.043119,-0.18664
0.39179,0.18948,0.24912,-0.39707,-0.48954,-0.23841,-0.0085801,0.18456,0.22996,0.29095,0.24753,-0.13576,-0.20741
-0.32446,-0.45765,-0.11547,0.20529,-0.26268,-0.36271,0.10529,0.20358,-0.19392,0.46132,-0.25997,0.24194,-0.012897
0.45978,0.36828,0.14439,-0.22975,-0.17981,0.23043,0.13089,-0.63269,-0.18101,0.024694,0.027528,0.20576,-0.003253
-0.40312,0.25906,0.43957,0.0082888,-0.20236,0.15521,0.14178,0.45507,-0.010634,-0.3104,-0.17193,0.025779,0.39772
-0.31115,-0.075579,-0.20317,-0.02692,-0.43461,0.14293,-0.086676,0.14722,0.25282,-0.54582,-0.1646,0.31273,-0.36088
-0.40532,-0.18518,0.40599,0.32055,-0.16184,-0.18468,0.14704,-0.26567,0.16384,-0.27255,0.20793,0.34494,0.34351
0.296,-0.49644,-0.44348,-0.0086084,-0.21638,0.023974,0.13147,0.10496,0.093011,-0.1392,0.081834,-0.36334,0.47617
0.44823,-0.60475,0.048485,0.10309,-0.47841,-0.049785,0.23478,0.054242,0.14512,0.1744,0.13794,-0.102,-0.22375
-0.58049,0.12795,-0.080852,-0.19657,-0.20024,-0.0443,0.32331,0.29962,0.070221,-0.49492,-0.33557,-0.045409,-0.02407
0.0028642,-0.11203,0.18,-0.26537,-0.17639,0.034276,0.055746,-0.62465,-0.38258,-0.14743,-0.089364,-0.52425,0.089991
-0.099323,-0.27172,0.19083,-0.080269,-0.042126,-0.12571,0.293,0.2364,0.37087,-0.014888,-0.38021,-0.25769,0.60449
-0.068136,0.31103,0.32647,0.41982,0.032134,0.0065712,-0.26342,0.67455,-0.065743,-0.23019,0.0043568,-0.041115,0.1769
0.16593,-0.16959,-0.4544,0.12452,-0.12768,-0.13358,-0.32652,0.31303,-0.24344,-0.30348,-0.12684,-0.22783,-0.51344
0.56062,0.12668,-0.32421,-0.2023,-0.035639,0.094969,-0.1725,0.035662,0.0047326,-0.61182,-0.099398,0.27201,0.15517
-0.15312,-0.30986,-0.31897,0.43867,-0.0037619,0.1208,-0.0028545,-0.0018904,-0.31773,0.38311,0.32154,0.16871,-0.43837
-0.1076,0.26558,-0.1042,0.032594,-0.29557,0.36688,0.11536,0.0282,0.63173,-0.1151,0.021108,-0.3706,0.3461
0.28101,-0.4743,-0.29731,0.2372,-0.55376,-0.13626,0.30767,0.22129,0.049098,0.034286,-0.13778,-0.24366,-0.025242
-0.034237,0.17947,-0.25594,0.43572,-0.11708,0.20831,-0.1097,-0.19598,0.45816,0.61827,0.049863,0.08715,-0.038383
-0.093741,0.10135,-0.47667,0.2655,-0.24353,-0.0092022,-0.20902,-0.1029,-0.56647,-0.040197,-0.46388,0.047267,-0.17216
0.47485,-0.21052,-0.45857,-0.0221,-0.029184,-0.026486,0.028436,0.12523,0.034979,-0.35633,0.34728,-0.10564,0.49135
-0.47414,-0.1017,0.47085,-0.11796,-0.42736,-0.041419,0.20564,-0.15974,0.16236,0.15542,-0.19257,0.23928,0.36362
0.18837,-0.4512,-0.5743,0.043628,-0.050856,0.10705,-0.045894,0.15181,-0.18506,-0.15813,-0.069086,-0.078209,0.56557
0.13622,-0.62956,-0.33915,0.2454,-0.25228,-0.02622,0.49219,0.071504,0.10818,0.21438,-0.11481,-0.065593,0.1517
0.55213,0.2286,-0.23422,0.07399,-0.22104,0.024106,0.11181,0.19666,0.19913,-0.41395,0.46797,0.18235,-0.13672
-0.076719,0.035849,0.20834,-0.06594,0.089394,-0.17459,0.36371,-0.11735,-0.38258,0.28681,0.60417,-0.35301,-0.20563
0.56176,0.13866,-0.21268,-0.036571,-0.16093,-0.16429,-0.097444,-0.09697,0.055158,-0.15859,0.43252,0.5515,0.16561
-0.022645,-0.58233,-0.080128,0.12242,-0.097362,0.006191,0.14135,-0.0030489,0.27412,0.42673,0.58926,0.01023,-0.069966
0.50667,0.20932,-0.017434,-0.40871,-0.382,-0.037034,-0.35137,0.098145,0.14665,-0.10413,0.082274,0.28531,-0.36225
-0.14133,-0.14745,0.36023,-0.32848,0.066793,0.1918,-0.50964,-0.30746,-0.16303,-0.082507,-0.037202,-0.3284,0.42718
0.036098,0.12663,0.26613,-0.29244,-0.38051,-0.10256,0.12879,0.39033,-0.19974,0.27374,-0.31109,-0.062343,-0.53532
-0.0033926,0.29592,-0.20335,0.50684,-0.23502,0.01413,0.083872,-0.42853,-0.046239,0.31357,0.2275,0.080104,0.45765
-0.2167,0.072311,0.531,-0.20671,0.010548,-0.30406,0.17446,-0.41885,-0.035189,0.4017,-0.10673,-0.10011,0.37507
-0.024558,-0.60759,-0.43345,0.051819,-0.3003,0.09052,0.34447,0.22243,0.30868,0.25816,-0.0044244,0.0079931,-0.10551
-0.31627,0.12692,-0.020454,-0.070495,-0.058454,-0.40916,0.26092,0.18495,-0.63765,0.020113,-0.20556,-0.11112,-0.37915
0.15164,-0.6402,-0.24258,-0.16007,-0.35169,0.24981,-0.42148,-0.11795,-0.19975,-0.13981,0.050264,-0.18343,-0.097022
-0.34889,0.007984,0.087584,-0.22218,-0.13189,-0.27862,0.65984,-0.26555,-0.22462,0.35656,0.076114,0.03292,-0.18914
0.28612,-0.34804,-0.41024,-0.064832,0.1439,0.18413,0.11919,-0.17504,0.18793,-0.057171,0.17437,-0.35557,0.57412
-0.18749,-0.23897,-0.51379,-0.48879,-0.1058,0.4369,-0.20228,0.25402,-0.19543,0.17416,-0.14655,0.062894,-0.058079
0.083003,-0.72061,-0.17038,0.2155,0.24289,-0.10231,0.19961,0.082112,-0.067328,0.48608,0.12871,0.13794,-0.076921
-0.33844,-0.019484,0.1201,-0.38157,0.16031,-0.20637,0.16065,-0.34732,-0.29138,0.24766,0.43064,-0.39324,-0.15493
0.28573,-0.088899,-0.20592,-0.34426,-0.25816,0.033831,-0.02955,0.23694,0.12126,0.55717,0.48297,-0.25145,-0.055688
-0.33494,-0.41959,-0.062676,0.16447,-0.38644,0.042838,0.021706,0.57822,0.15339,-0.1365,0.23601,0.14567,-0.27518
-0.096746,-0.22714,-0.26307,0.2012,-0.29863,0.040484,-0.18543,-0.18459,-0.51029,0.57886,-0.11574,0.19939,-0.14648
-0.038389,-0.19166,0.19979,-0.33581,-0.65359,-0.016147,-0.1534,0.4664,-0.091674,0.13295,0.0898,-0.15283,-0.28829
-0.18492,0.34807,-0.081246,0.24742,-0.14588,0.54741,0.44449,0.28596,-0.09039,-0.27587,0.081853,0.23489,0.17437
0.037934,-0.36015,0.35782,0.14286,-0.25188,-0.34984,0.13777,-0.35147,0.17372,-0.037503,-0.44626,-0.20866,0.34322
0.20198,-0.55923,-0.32399,-0.10734,-0.25547,0.10158,-0.1069,0.05085,-0.028751,-0.18514,-0.2103,-0.37271,0.4713
-0.068626,0.27305,-0.32226,0.51807,-0.26446,-0.15602,-0.43271,-0.18411,0.28607,0.30994,-0.12681,-0.023271,0.19633
-0.44633,-0.33983,0.26875,0.035092,-0.22826,-0.15829,0.033028,-0.37927,0.25798,0.068604,0.2799,0.34482,0.3482
-0.13095,0.037551,0.23711,-0.1161,-0.17191,0.042738,0.40982,-0.17921,-0.46041,-0.041927,-0.53046,-0.29569,-0.31264
-0.12528,-0.30227,-0.065331,-0.34402,0.062281,0.033998,-0.66385,-0.099812,0.12536,-0.34582,0.14408,-0.37495,0.13406
-0.1549,-0.04916,-0.049899,-0.31339,-0.31729,0.44854,0.45002,-0.52882,0.012375,-0.15266,0.059892,-0.24856,0.0056683
-0.36008,-0.1871,0.35198,-0.09922,-0.15485,0.32644,-0.53752,0.15008,-0.26978,-0.0027425,0.31794,0.14922,-0.25192
0.084555,-0.28038,0.23979,0.12228,-0.31908,0.056153,0.34412,0.60961,-0.091291,0.11357,-0.095682,-0.10907,-0.45221
0.080216,0.2069,-0.0085553,0.062665,0.035975,0.55447,0.62508,-0.42917,0.027078,0.166,-0.0050256,-0.1862,0.011041
-0.43179,-0.16599,0.41654,0.23646,-0.3262,-0.34714,0.23782,-0.019227,0.13241,-0.34892,-0.19975,0.15641,0.26287
0.14609,0.54702,0.27268,0.14996,-0.27767,0.18437,0.084089,0.58549,-0.078859,0.19962,0.20607,0.074953,-0.16575
-0.074722,0.25746,-0.028534,-0.2636,-0.23738,-0.25772,0.45691,-0.046277,-0.057556,-0.16193,0.23935,-0.65807,0.065359
-0.29875,-0.06547,-0.31507,-0.33464,-0.11024,-0.365,0.45358,-0.10594,-0.009428,0.14864,-0.50746,0.12064,0.19653
-0.025991,-0.050263,0.52974,-0.031165,-0.57266,0.29748,-0.28892,-0.15139,-0.2735,0.065384,-0.32148,-0.096016,-0.027163
0.59992,0.19741,0.1615,-0.085071,-0.33081,-0.12755,-0.014634,-0.36486,0.012013,-0.29055,0.037163,0.44744,-0.15041
0.21234,-0.033084,0.16086,-0.45885,-0.16665,0.1758,-0.079146,0.23602,-0.51413,0.49162,-0.17266,-0.027165,-0.24532
0.46247,0.21323,0.026403,-0.14678,-0.42401,-0.18028,-0.17321,-0.11496,-0.043296,-0.13441,0.27284,0.58898,-0.14708
0.54363,0.23546,0.27373,-0.1474,-0.070404,-0.19593,-0.02372,-0.31209,0.010518,-0.051424,0.1243,0.48059,-0.40234
0.58646,0.38159,0.40196,-0.17197,0.10045,-0.23694,0.019696,-0.15417,0.34583,0.045101,-0.030898,0.063929,-0.31977
-0.26204,0.34531,-0.07561,0.18587,-0.090011,-0.036381,0.61666,-0.020904,-0.065017,-0.39267,-0.094886,-0.44656,-0.12188
-0.48647,-0.2455,-0.17751,0.2973,0.076553,-0.2074,0.036217,0.3833,-0.01568,-0.40482,0.17863,0.24593,-0.35994
-0.41763,0.18074,0.42103,-0.31255,-0.13846,-0.31656,0.28806,0.27734,-0.027789,0.46256,0.14352,-0.057465,-0.0077025
0.54491,-0.48586,-0.22869,0.073576,-0.0067862,0.090715,0.1758,0.31308,0.18241,0.372,0.30833,-0.027954,-0.067768
-0.3881,-0.082613,0.013723,0.0406,-0.4132,-0.38893,-0.057421,0.21912,-0.18348,-0.27375,-0.28015,0.3436,0.40281
0.0032495,-0.45927,0.39344,-0.037302,-0.38528,0.042037,0.15649,-0.28313,-0.21331,0.37017,-0.36971,-0.23122,-0.07303
0.062669,-0.19655,0.15684,-0.0020637,-0.72559,-0.09559,0.25881,0.39741,0.18591,0.06518,-0.15331,-0.018247,-0.33116
0.49719,0.33216,0.29893,-0.1048,-0.003011,-0.34019,0.24819,0.23325,0.19332,0.025598,0.10315,0.47943,-0.17849
-0.19508,-0.21168,0.53152,0.22401,-0.30601,-0.18468,0.23038,-0.37013,-0.001154,-0.36056,-0.23648,-0.18598,0.21472
0.015741,-0.49534,-0.32748,0.098444,-0.29414,-0.32352,0.19949,0.41926,0.017808,0.29558,0.29758,-0.16075,-0.16917
-0.4198,-0.29266,0.4279,0.12986,-0.32518,-0.016773,-0.037412,-0.16955,0.24081,-0.27364,0.3531,0.22696,0.30484
-0.08489,0.024574,-0.10723,-0.26699,-0.12736,-0.39966,0.48869,-0.18184,-0.62366,0.099444,-0.014271,0.14676,0.20248
-0.21245,0.27256,-0.26876,-0.058989,-0.20268,-0.39727,0.43847,0.14802,-0.064343,-0.23682,0.23128,-0.23502,-0.47207
-0.13279,-0.51123,0.24849,0.16759,-0.26949,0.090616,-0.51329,0.042787,0.00020069,-0.25604,0.17864,0.1308,-0.41288
0.56097,-0.2727,-0.1631,-0.080597,-0.2595,0.02314,0.14253,0.50212,0.21892,0.27781,0.2482,-0.016554,0.22483
0.43726,0.335,0.021442,0.041199,-0.097094,-0.2184,-0.29366,-0.108,-0.18448,-0.40685,0.021099,0.50256,-0.29466
0.41514,-0.20718,-0.060044,-0.019279,-0.26466,-0.20266,0.60599,0.26906,0.22619,0.2413,0.090607,-0.33237,-0.044234
0.17047,-0.4355,-0.34438,-0.069017,-0.23723,-0.36278,0.35143,0.025608,0.081666,-0.083986,-0.4558,-0.30989,-0.16838
-0.0008703,0.087942,-0.21506,-0.014673,-0.046271,0.048922,-0.24086,-0.34065,0.42569,-0.20785,-0.055783,-0.68726,-0.25954
0.44342,-0.33474,0.048646,0.082191,0.021573,-0.28993,0.34821,0.30598,0.5022,0.35244,-0.077586,0.015695,-0.010448
0.51218,0.35008,-0.035116,-0.37203,-0.082075,0.32093,-0.17413,-0.37557,0.13777,-0.33382,-0.11749,0.19452,-0.111
-0.30278,-0.048293,-0.15753,-0.086752,-0.096413,0.36336,-0.013926,0.39968,-0.35189,-0.44738,0.27355,0.099779,-0.4045
-0.56909,-0.24002,0.19055,0.20538,-0.10602,-0.11351,0.29574,0.017583,-0.11572,-0.022971,-0.51992,0.37448,0.06071
-0.23206,0.45749,-0.58273,0.13149,-0.14231,-0.40305,-0.18062,0.19955,-0.2635,0.021591,0.2106,-0.03924,-0.095089
0.41276,0.41244,0.42386,-0.05928,0.10232,-0.080775,-0.27377,-0.23193,-0.31546,-0.10165,-0.20327,0.27149,-0.32517
0.2681,-0.45018,-0.42058,0.1104,-0.38348,0.021258,-0.010436,0.15978,0.066054,-0.47834,-0.015961,-0.22758,0.27934
0.48511,-0.28059,-0.23035,-0.077672,-0.042578,0.11934,-0.1085,0.46696,0.32275,0.2947,0.41889,0.016586,-0.11922
0.54798,-0.63741,0.18694,0.025132,-0.011307,0.094127,-0.27577,-0.046831,-0.067576,0.1096,0.10753,0.1373,-0.3516
-0.23638,-0.44357,0.048151,-0.04483,-0.13458,0.0017846,-0.1519,-0.35025,0.55458,-0.078975,-0.29796,0.22779,0.35316
-0.30021,-0.24303,0.54918,0.075959,0.13029,-0.043405,0.072447,0.074692,-0.2618,-0.2317,0.54595,-0.2834,-0.11467
-0.22745,0.24755,-0.043814,0.30751,-0.25873,-0.081801,0.33747,-0.39619,0.34485,-0.15293,-0.13977,-0.45518,-0.27746
-0.028054,-0.38627,0.38329,-0.0093878,-0.68363,0.16277,0.094073,-0.12711,-0.18877,0.19744,-0.25607,0.073968,-0.19622
-0.26787,-0.37729,0.51853,-0.10167,-0.012188,-0.095646,-0.055928,-0.37289,0.28594,0.003414,-0.45746,0.02692,0.2519
0.16928,0.26012,0.49916,0.061521,-0.2664,-0.57626,-0.030879,0.26628,-0.13615,0.11635,-0.27947,0.095904,-0.23761
-0.2397,-0.41322,0.36656,0.17783,-0.4619,0.13253,0.11284,-0.022911,-0.19793,-0.014707,-0.36546,-0.1357,-0.41263
-0.30409,0.33867,-0.35812,0.54199,-0.32862,-0.12293,-0.15465,0.011099,-0.26969,-0.13359,0.17841,0.26417,0.17747
-0.19161,0.083315,-0.0032553,0.22018,-0.35094,0.058832,-0.43002,0.29747,-0.27368,-0.016542,0.17653,0.0027248,-0.63363
0.16299,-0.25236,0.023506,-0.45206,-0.46928,0.18249,-0.61414,0.11738,0.13245,-0.083179,0.026388,-0.18714,-0.013758
-0.12236,0.084763,-0.089601,-0.011153,-0.29076,0.098896,-0.039666,0.42894,-0.64327,-0.3671,0.053172,-0.00016202,-0.37204
0.12393,0.30981,0.22626,0.23197,-0.13893,0.4453,0.33857,-0.23061,-0.51063,0.035215,-0.36128,0.0026696,-0.075728
0.18322,-0.2876,-0.09698,0.0042464,0.13162,-0.16663,-0.0097055,0.50004,-0.38242,-0.20224,-0.61903,-0.06109,-0.07065
0.20709,0.080588,-0.092002,0.14626,-0.17768,0.65165,0.20584,0.27805,-0.29561,-0.15312,-0.46993,-0.079155,-0.083318
-0.31163,-0.17729,-0.2157,0.17034,-0.25046,-0.1045,-0.43713,-0.26994,0.10921,-0.12497,-0.6292,-0.084813,-0.1664
0.027883,-0.10225,-0.14015,0.023344,-0.36798,-0.27318,0.39415,-0.36188,-0.26508,0.35209,-0.31228,-0.39774,-0.14927
-0.20527,0.64304,-0.17785,0.26358,-0.40548,-0.091081,-0.040479,0.29077,0.11241,0.11121,0.20537,-0.14759,0.30887
-0.098261,-0.17828,0.7121,0.22768,0.010836,0.11283,0.16845,-0.080572,-0.15485,-0.35983,-0.42363,0.067624,0.12017
-0.37237,-0.14398,0.52191,-0.10128,-0.31897,-0.0069671,-0.12905,-0.19619,0.3527,-0.076848,0.21527,0.083395,0.4663
0.482,0.073405,0.10139,0.093567,-0.28619,-0.27708,0.15886,-0.27144,0.14564,-0.46828,-0.29233,0.39909,0.020657
0.46616,0.28451,0.30868,-0.20575,-0.25729,-0.24121,0.2816,-0.13793,0.31918,0.061898,-0.19922,0.29521,-0.32998
0.3112,-0.1801,0.1432,0.089683,-0.059059,-0.23658,0.36999,0.43819,0.50577,0.42915,-0.013566,0.0169,-0.11559
0.40223,0.30924,0.24062,-0.25628,-0.49135,-0.03012,0.35588,0.17806,-0.0097039,0.20168,-0.087632,-0.24607,-0.33064
0.19803,-0.63487,-0.26777,0.19264,-0.44112,0.010863,0.31587,-0.061668,-0.051447,0.20344,-0.1258,-0.20734,0.21856
0.10475,-0.43121,-0.31067,0.22929,0.18319,0.10465,-0.082994,0.40002,0.04234,0.40492,0.33808,0.012411,-0.40296
0.54553,0.28408,0.17862,-0.21082,-0.12874,-0.20874,-0.1428,0.047914,0.22082,0.015078,0.19894,0.47726,-0.38233
0.36863,-0.35119,-0.35108,0.072396,-0.17949,-0.048846,0.27762,0.40931,0.15637,-0.050253,0.5033,-0.22574,-0.042719
-0.31481,0.1616,0.031133,-0.016458,-0.44238,-0.33873,0.33198,-0.14932,-0.1271,-0.20571,0.50429,-0.33025,-0.093577
0.52329,0.054496,-0.30492,-0.00094194,-0.101,-0.25029,0.33598,0.023909,0.26141,-0.58604,0.020909,0.0083793,0.17785
-0.0043499,0.415,-0.29077,0.36246,-0.13308,0.3671,0.39196,-0.31918,-0.099071,0.30917,0.084999,-0.083439,0.29028
0.38097,-0.26184,-0.21251,0.066485,-0.52107,-0.14399,0.262,-0.15169,-0.21694,-0.35219,-0.18237,-0.2123,0.32154
0.13938,0.34334,0.26441,0.39127,-0.28105,0.55509,0.16271,0.29445,0.10048,-0.12937,0.14085,-0.29988,-0.052954
0.31429,0.20384,0.22403,0.29133,0.12387,0.030735,-0.14927,0.26155,-0.29834,-0.0637,-0.56914,0.025791,-0.4472
-0.25059,0.41132,-0.27951,0.20657,-0.3936,-0.14621,-0.18398,0.046644,-0.18888,0.34651,0.072892,0.18401,0.48988
0.59956,0.12987,-0.18824,0.039734,0.10152,-0.060148,-0.059744,-0.12235,0.16263,-0.41024,0.025113,0.41462,0.43232
-0.14372,-0.25576,-0.43759,0.020824,0.084202,0.21459,0.4577,0.21331,-0.37881,0.046511,-0.056905,-0.11026,-0.50282
-0.10778,0.23214,0.2374,-0.45538,-0.14344,0.5005,-0.080159,0.23547,-0.13025,0.16954,-0.48381,-0.018405,0.24021
0.38788,0.36375,0.14772,-0.25409,-0.30727,0.18979,-0.13518,-0.30048,0.033328,-0.19229,0.39685,0.2382,-0.37354
-0.16782,0.11553,-0.27172,0.14801,-0.13645,0.35266,0.58532,-0.32671,-0.13356,-0.42857,0.13456,-0.028035,-0.22366
-0.0042311,0.27235,0.047897,0.4353,-0.084816,0.099682,-0.2725,-0.18815,0.31267,0.55116,-0.43375,0.10932,0.07488
-0.31215,-0.39824,0.57517,-0.041769,-0.23155,-0.03276,-0.0026275,-0.43978,0.03253,0.22521,0.18732,0.032751,0.27453
-0.0014318,0.61297,-0.19012,-0.53341,-0.073973,0.014694,-0.071857,0.19754,-0.055633,-0.27174,0.04864,-0.38124,-0.17052
0.41698,-0.15715,0.0046,0.23908,-0.30063,0.1918,0.28815,0.34272,-0.23738,-0.36492,-0.40236,-0.17811,0.18292
0.50283,-0.20616,-0.40519,-0.099922,-0.16882,0.02123,0.1553,0.1918,0.38097,0.0025798,0.30517,-0.23718,0.38225
0.047692,-0.04432,-0.21067,-0.12926,-0.15411,-0.089877,0.29854,0.43024,-0.65557,-0.25671,-0.059202,0.14113,-0.33093
-0.12725,0.068427,0.4328,-0.31877,0.092255,0.2249,-0.12614,-0.23642,-0.5456,0.29758,0.28817,-0.27651,-0.1165
-0.17526,-0.058061,-0.23373,-0.44136,0.021153,-0.24998,0.29162,-0.34285,-0.63303,0.016578,-0.044117,-0.18774,0.11298
0.23396,0.0063794,-0.14644,-0.426,-0.43899,-0.061049,0.2195,-0.0004997,-0.02113,0.34854,0.37619,-0.48257,-0.036836
-0.069021,-0.11019,0.19886,0.24898,-0.32569,0.57764,0.38539,0.063266,0.20437,-0.27693,-0.35504,0.0064784,-0.21152
0.38656,-0.48382,-0.3919,0.26715,-0.34439,0.29566,0.17133,0.18164,0.019034,-0.23331,0.22964,-0.12214,-0.026998
0.17061,0.14104,0.28668,-0.35941,-0.36569,0.26871,-0.12539,-0.28426,0.40455,-0.32513,0.37577,-0.14046,-0.082872
-0.082494,0.36785,-0.2771,-0.29436,0.10346,-0.17423,0.14936,-0.21599,-0.10955,-0.22412,0.4282,-0.55864,0.16359
-0.25659,-0.31491,0.38306,-0.12532,-0.31284,0.44563,-0.31163,0.19028,-0.15386,0.18442,0.00021845,0.14407,-0.40538
0.20396,-0.32195,-0.23192,0.030923,-0.21585,-0.15284,0.06563,0.56596,0.23751,0.28617,0.41984,-0.12558,-0.27404
-0.56291,-0.32421,0.1486,-0.19039,-0.18757,-0.2917,0.17614,-0.20552,0.42616,-0.14409,0.092038,0.24157,0.23866
-0.3323,-0.045862,0.58103,0.29185,-0.32488,-0.039575,0.076129,-0.029751,-0.04024,-0.52333,0.071558,0.026456,0.2638
0.31936,0.30802,0.31218,-0.25415,-0.65451,0.029572,-0.0097143,-0.22647,-0.12145,-0.091858,-0.019482,0.2566,-0.26654
-0.1244,-0.31867,-0.32812,0.084975,0.21849,0.065675,0.19003,0.33264,-0.29503,0.55296,0.060178,0.078712,-0.40823
-0.11337,0.51543,-0.27591,0.41478,-0.12444,-0.14815,0.027678,-0.23693,0.0039163,0.26852,0.52539,-0.093515,0.14855
-0.40332,-0.51153,0.17676,0.14011,-0.31789,-0.20692,-0.024699,-0.21174,0.24993,-0.27827,0.43471,0.081223,-0.0039667
-0.24554,0.12604,0.041087,0.02609,-0.19649,-0.35636,0.36878,-0.24384,0.27066,-0.34431,0.14364,-0.45715,-0.3728
-0.20154,0.2618,-0.056342,0.63482,-0.17635,0.27837,-0.070893,-0.1631,0.12918,0.52624,0.087397,0.15554,-0.13788
-0.50081,0.47746,0.24134,-0.24854,0.21078,0.011173,0.10028,0.44611,0.056473,0.01284,0.28538,-0.074497,0.23924
-0.14383,-0.17542,0.36977,0.1613,-0.006605,0.0017994,0.18882,0.36202,0.27139,-0.2122,0.3905,-0.048318,-0.58781
-0.1549,-0.10616,-0.30583,0.46052,-0.22317,-0.32338,-0.29501,0.18034,-0.36881,0.16953,-0.049746,0.25602,-0.39041
-0.044106,0.18505,0.13764,0.0028482,-0.22116,-0.53494,0.3044,0.10393,-0.33128,0.08418,-0.40476,-0.30403,0.365
0.38184,-0.54418,-0.34263,0.32513,-0.22739,0.076392,0.32035,0.21954,0.16019,-0.19055,-0.090184,-0.18969,0.14322
-0.15458,-0.020765,0.15545,-0.0032232,-0.51292,0.038384,0.14237,0.34511,0.20075,-0.40492,-0.53182,0.0028259,-0.24591
-0.1564,0.25236,-0.34596,0.052064,-0.14518,-0.32225,-0.10907,-0.048154,-0.13237,-0.31439,0.025904,-0.4629,-0.56481
-0.11953,-0.090644,0.28354,0.37294,-0.0024688,0.33489,-0.38418,0.10571,-0.38085,-0.28942,0.49976,0.017644,0.090628
0.021592,0.32247,0.003827,0.31699,-0.5613,-0.024434,-0.38155,0.27439,0.27895,0.3361,-0.22451,-0.13149,0.0075305
0.20132,-0.14236,0.50808,-0.2112,-0.27519,0.12168,-0.21978,0.18589,-0.6531,-0.014856,-0.048177,-0.143,-0.11631
-0.42456,-0.22355,0.40172,0.089993,-0.22128,-0.078847,0.3494,-0.53134,0.030982,-0.18117,-0.17448,0.10913,0.25412
-0.20363,-0.11379,-0.12242,0.41097,-0.24109,-0.14815,-0.45052,-0.35069,0.33945,-0.19446,-0.28425,-0.065624,-0.34285
0.20872,-0.64201,0.096552,0.15297,-0.59407,0.11605,-0.17164,0.0018435,-0.081799,-0.20626,-0.079835,-0.2259,-0.095077
0.44971,0.32637,0.50644,-0.042811,-0.47228,-0.25948,0.052186,0.10207,-0.092276,-0.021207,0.080234,0.25357,-0.22294
-0.25052,0.43283,-0.26352,-0.13429,0.24558,0.29125,0.3903,0.25418,0.24761,-0.39781,-0.06078,-0.15843,0.22801
0.0302,0.44608,-0.24507,0.34758,-0.251,0.39335,-0.078394,-0.39333,0.20759,0.39347,-0.10915,-0.15115,0.089346
-0.41237,0.26979,-0.26309,0.032107,0.023852,0.056123,-0.2104,0.17774,-0.43152,-0.49175,0.29407,0.17855,-0.24686
-0.04168,0.4118,-0.46698,0.44349,-0.1811,-0.18025,-0.046757,-0.32125,-0.080134,-0.1635,0.38896,0.096176,0.2226
-0.28747,0.46223,0.026737,0.62009,-0.23918,-0.0045499,0.19584,0.15228,-0.039456,-0.19671,0.27481,-0.0043697,0.28967
-0.019118,0.48983,0.48798,0.26303,-0.18519,0.29904,0.0273,0.24702,-0.42471,-0.25774,0.099434,0.075753,0.066921
-0.035825,-0.27036,-0.082373,-0.18401,-0.14414,0.81114,0.071628,-0.1972,0.018147,0.17543,-0.065683,0.30595,-0.18224
0.070006,-0.091568,0.46842,-0.17414,-0.56827,-0.088287,0.28046,0.054769,0.06139,0.15058,0.053836,-0.30204,-0.45168
-0.31223,0.30376,-0.48673,-0.34141,-0.11221,-0.41561,0.1326,-0.046407,-0.29806,-0.17379,0.28353,0.22151,-0.056757
-0.41585,0.27262,-0.15111,-0.14826,-0.39175,-0.34978,0.054463,0.082081,-0.087298,-0.50416,-0.1392,-0.19413,-0.3218
0.34864,0.56176,0.11316,-0.36579,-0.19573,0.024261,-0.25326,0.070479,0.23762,0.32084,0.17007,0.2822,-0.20076
-0.6622,0.041593,0.22794,0.071212,-0.16673,0.051353,0.45857,0.073867,-0.042389,-0.2654,0.020226,0.41202,0.11896
-0.27034,0.18899,-0.22075,0.0062984,-0.27827,-0.49597,-0.020902,-0.19075,0.48214,-0.35965,0.20856,-0.27636,0.022725
0.10716,-0.037778,0.28539,0.30093,-0.21589,-0.2453,0.0013601,0.094205,-0.35232,-0.18278,-0.66602,0.15786,0.27089
-0.12361,-0.15725,0.095896,-0.50622,-0.12348,0.30138,-0.3125,-0.096377,-0.22721,0.59149,-0.010338,0.064185,-0.27531
-0.0010936,-0.57471,-0.34835,0.3199,-0.32581,0.11448,0.32055,-0.009999,-0.44485,0.12428,-0.092203,0.034946,0.02915
